Date,Headline,URL,Opening Text,Hit Sentence,Source,Influencer,Country,Subregion,Language,Reach,Desktop Reach,Mobile Reach,Twitter Social Echo,Facebook Social Echo,Reddit Social Echo,National Viewership,Engagement,AVE,Sentiment,Key Phrases,Input Name,Keywords,Twitter Authority,Tweet Id,Twitter Id,Twitter Client,Twitter Screen Name,User Profile Url,Twitter Bio,Twitter Followers,Twitter Following,Alternate Date Format,Time,State,City,Social Echo Total,Editorial Echo,Views,Estimated Views,Likes,Replies,Retweets,Comments,Shares,Reactions,Threads,Is Verified,Parent URL,Document Tags,Document ID,Custom Categories,Information Type,Source Type,Source Name,Source Domain,Content Type,Author Name,Author Handle,Title,Image,Hashtags,Links,Region,Keyphrases,Global Reach,National Reach,Local Reach,Episode Reach,EMV,Social Echo,Quotes,Reposts,Custom Fields,Brand Sentiment
08-Apr-2026 09:58AM,,https://x.com/FikirYashenifa5/status/2041772634954985515,"RT @Freedom44225: 🚨 URGENT: Doctors are being targeted in Amhara Region, Ethiopia. In Gojjam: • Dr. Abraham Amare was taken by security forc ...",,Twitter,@fikiryashenifa5,Unknown,,English,1247,,,,,,,,11.53,Neutral,"home,medical professionals,security forces,whereabouts",Post Type,,6.0,"""2041772634954985515""","""1308846185101185025""",,Fikir Yashenifal,https://x.com/FikirYashenifa5,በክንዱ ኃይል እድርጎአል: ትዕቢተኞችን በልባቸው አሳብ በትንዋል:: ገዢዎችን ከዙፋናቸው አዋርዶአል:: ትሁታንንም ከፍ አድርጎአል:: ሉቃ 1: 51-52,1247.0,785.0,08-Apr-26,9:58 AM,,,,,,,,,,,,,,False,https://x.com/Freedom44225/status/2041504053621141739,,"""1775631505000_dgB9SKu4jD3h9c3fxctxDEepG80A""",,,,,,,,,,,,,,,,,,,,,,,,
08-Apr-2026 09:58AM,,https://x.com/FikirYashenifa5/status/2041772575857242414,RT @Eliasyemariam: Thank you @LemkinInstitute for acknowledging the genocide against the Amhara people in Ethiopia. But recognition must lea ...,,Twitter,@fikiryashenifa5,Unknown,,English,1247,,,,,,,,11.53,Negative,"abiy regime,genocide,global leaders,recognition,violence",Post Type,,6.0,"""2041772575857242414""","""1308846185101185025""",,Fikir Yashenifal,https://x.com/FikirYashenifa5,በክንዱ ኃይል እድርጎአል: ትዕቢተኞችን በልባቸው አሳብ በትንዋል:: ገዢዎችን ከዙፋናቸው አዋርዶአል:: ትሁታንንም ከፍ አድርጎአል:: ሉቃ 1: 51-52,1247.0,785.0,08-Apr-26,9:58 AM,,,,,,,,,,,,,,False,https://x.com/Eliasyemariam/status/2041616017072210380,,"""1775631491000_XeUBT4aVeeICIoesU7Adha8YJDcA""",,,,,,,,,,,,,,,,,,,,,,,,
08-Apr-2026 09:48AM,,https://x.com/MehariTekie1/status/2041770108683497751,"RT @DanielsonKassa1: Regime in Eritrea and the TPLF-junta warlords were plotting to instigate a cascading series of crises, first by dismant ...",,Twitter,@meharitekie1,Unknown,,English,166,,,,,,,,1.54,Positive,"cascading series,crises,federal government,interim administration,maximum restraint,patience,peace dividends,red sea coast,situation,tigray region",Post Type,,4.0,"""2041770108683497751""","""1428158517609967617""",,Mehari Tekie,https://x.com/MehariTekie1,"“The day the power of love overrules the love of power, the world will know peace. Mahatma Gandhi",166.0,69.0,08-Apr-26,9:48 AM,,,,,,,,,,,,,,False,https://x.com/DanielsonKassa1/status/2041608254514720877,,"""1775630902000_pV6O0EtY1qs_r9zthZxVlTfTZp0A""",,,,,,,,,,,,,,,,,,,,,,,,
08-Apr-2026 09:48AM,,https://x.com/AbayuTefara/status/2041770033580282142,"RT @AmharaWarUpdate: ⚡️Mass protests swept Gojjam Subregion (📍Amhara Region, Ethiopia) on April 2nd, rejecting elections as residents declar ...",,Twitter,@abayutefara,Unknown,,English,1240,,,,,,,,11.47,Neutral,"crown,ears,election,elections as residents,killers,ongoing war,peaceful demonstrations,sham while war",Post Type,,6.0,"""2041770033580282142""","""1519200402364944384""",,Tefera Abayu,https://x.com/AbayuTefara,star's can't shine without darkness.,1240.0,237.0,08-Apr-26,9:48 AM,,,,,,,,,,,,,,False,https://x.com/AmharaWarUpdate/status/2041576749620727898,,"""1775630884000_YI4CK31z88opY4yc3mX9dzqkin0A""",,,,,,,,,,,,,,,,,,,,,,,,
08-Apr-2026 09:43AM,,https://x.com/MasharadaSolo/status/2041768834403606885,"RT @neo_tigray: Petition for the Immediate Withdrawal of Eritrean Forces from Ethiopia 🇪🇹, #Tigray. https://t.co/9g8RY6gshR",,Twitter,@masharadasolo,Germany,,English,3739,,,,,,,,34.59,Neutral,,Post Type,,7.0,"""2041768834403606885""","""1492613901531369476""",,Masharada Raya,https://x.com/MasharadaSolo,"#"" ኣሎ ዘይፀገበ ድራር ዕለት ፡ ብዙሕ እዩ ትርጉሙ ምንባር ማለት "" !",3739.0,493.0,08-Apr-26,9:43 AM,Bavaria,Schwandorf in Bayern,,,,,,,,,,,,False,https://x.com/neo_tigray/status/2041738922343178254,,"""1775630599000_SyfnCHCTuq5dTyINjanMFktyd6MA""",,,,,,,,,,,,,,,,,,,,,,,,
08-Apr-2026 09:33AM,,https://x.com/abrahalay/status/2041766413321601216,RT @Yonigussie: Pretense Over: Ethiopia Admits Fuel Blockade on Tigray Ethiopia has issued a nationwide directive urging all regions and adm ...,,Twitter,@abrahalay,Ethiopia,,English,172,,,,,,,,1.59,Neutral,"current global oil crisis,fuel use,letter,nationwide directive,regions and admins",Post Type,,4.0,"""2041766413321601216""","""1187644104735260672""",,ShireTigray,https://x.com/abrahalay,Food Porn,172.0,95.0,08-Apr-26,9:33 AM,Tigray,,,,,,,,,,,,,False,https://x.com/Yonigussie/status/2041635702459306327,,"""1775630021000_WzeXcFfZIq45gu23VFuZqW3a2QkA""",,,,,,,,,,,,,,,,,,,,,,,,
08-Apr-2026 09:30AM,,https://x.com/TheEditorial01/status/2041765730064933198,RT @TheEditorial01: Amhara Towns Under Siege: Ethiopia's Second War Begins https://t.co/JRD33mSINt,,Twitter,@theeditorial01,Unknown,,English,1,,,,,,,,0.01,Neutral,,Post Type,,,"""2041765730064933198""","""2039253744005648384""",,The Editorial,https://x.com/TheEditorial01,"The Editorial is a digitally native news publication covering politics, world affairs, economics, technology, science, and culture.",1.0,113.0,08-Apr-26,9:30 AM,,,,,,,,,,,,,,False,https://x.com/TheEditorial01/status/2041765663073509568,,"""1775629858000_q6L-C-OoZRgnUOmTz9PWawHzAcoA""",,,,,,,,,,,,,,,,,,,,,,,,
08-Apr-2026 09:27AM,,https://x.com/AbayuTefara/status/2041764781653205385,"RT @AmharaWarUpdate: ⚡️Regime forces involved in gang-rape and violent assault on family in Angot Kebele, Libo-Kemkem Woreda (📍South Gonder ...",,Twitter,@abayutefara,Unknown,,English,1240,,,,,,,,11.47,Negative,"attack,brother,children,critical condition,family home,family with firearms,gang,gunpoint in front,husband,regime soldiers",Post Type,,6.0,"""2041764781653205385""","""1519200402364944384""",,Tefera Abayu,https://x.com/AbayuTefara,star's can't shine without darkness.,1240.0,237.0,08-Apr-26,9:27 AM,,,,,,,,,,,,,,False,https://x.com/AmharaWarUpdate/status/2041501249418203606,,"""1775629632000_DuxzvtFFFncruUDKDiWDueYSa84A""",,,,,,,,,,,,,,,,,,,,,,,,
08-Apr-2026 09:21AM,,https://x.com/beth63282069/status/2041763442911277121,"RT @Queen_of_Amhara: 🚨Urgent: Arrest of Orthopedic Surgeon in Ethiopia It has been one week since Dr. Abraham Amare, a lecturer at Enjibara ...",,Twitter,@beth63282069,Unknown,,English,89,,,,,,,,0.82,Negative,"absence risks,access,country,detention,doctor,fewer than 120 orthopedic specialists,immediate release,patients,prosperity regime forces,safe return",Post Type,,4.0,"""2041763442911277121""","""1457024901349445636""",,teblese goytom,https://x.com/beth63282069,,89.0,166.0,08-Apr-26,9:21 AM,,,,,,,,,,,,,,False,https://x.com/Queen_of_Amhara/status/2041573779994788064,,"""1775629313000_McG3YkVGq5tqeFRzxNoYjLOaZNEA""",,,,,,,,,,,,,,,,,,,,,,,,
08-Apr-2026 09:18AM,,https://x.com/genetsol/status/2041762668131053854,"RT @AmharaWarUpdate: ⚡️Protests continued on April 4th across Wollo Bete-Amhara Subregion (📍Amhara Region, Ethiopia) under slogan “we will n ...",,Twitter,@genetsol,Unknown,,English,98,,,,,,,,0.91,Negative,"barriers,civilian casualties,conditions of fear,elections,electoral card,groups,military operations,murderers rule,participation,public opposition",Post Type,,4.0,"""2041762668131053854""","""3300945863""",,Genet Solomon,https://x.com/genetsol,,98.0,167.0,08-Apr-26,9:18 AM,,,,,,,,,,,,,,False,https://x.com/AmharaWarUpdate/status/2041169056368140636,,"""1775629128000_uTm5wxvHXqoF2I2fATrkVwwStXIA""",,,,,,,,,,,,,,,,,,,,,,,,
08-Apr-2026 09:12AM,,https://x.com/EWeldekiro25203/status/2041761203790475754,"RT @tesfanews: ETHIOPIA ― The term of Tigray Interim Administrator Lt. Gen. Tadesse Werede has been extended by a couple of months, just bef ...",,Twitter,@eweldekiro25203,Unknown,,English,57,,,,,,,,0.53,Neutral,set to expire,Post Type,,3.0,"""2041761203790475754""","""2015565274821644288""",,Estifanos Weldekiros,https://x.com/EWeldekiro25203,,57.0,430.0,08-Apr-26,9:12 AM,,,,,,,,,,,,,,False,https://x.com/tesfanews/status/2041577901271765269,,"""1775628779000_eRzmMowa2Wbh6Xrf9qZUPRQ5DvQA""",,,,,,,,,,,,,,,,,,,,,,,,
08-Apr-2026 09:11AM,,https://x.com/EWeldekiro25203/status/2041760904266870844,RT @tesfanews: Hundreds Gather in Sheraro as Ximdo Revives Eritrea–Tigray Ties ETHIOPIA ― ⚡️ Hundreds of Eritreans crossed into the town of ...,,Twitter,@eweldekiro25203,Unknown,,English,57,,,,,,,,0.53,Neutral,"area,border,celebrations,community elders,conflict and border restrictions,eritrean attendees,event,gathering,humanitarian dimension,participants",Post Type,,3.0,"""2041760904266870844""","""2015565274821644288""",,Estifanos Weldekiros,https://x.com/EWeldekiro25203,,57.0,430.0,08-Apr-26,9:11 AM,,,,,,,,,,,,,,False,https://x.com/tesfanews/status/2041605767392858121,,"""1775628708000_H7hDhDU14fdXCw4dyGyH31KBqEQA""",,,,,,,,,,,,,,,,,,,,,,,,
08-Apr-2026 09:02AM,,https://x.com/siumbliwonoh/status/2041758528872882565,"RT @AmharaWarUpdate: ⚡️A regime drone strike damages school and injures civilian in April 6th midday attack in Kerniwari Kebele, Sedie Wored ...",,Twitter,@siumbliwonoh,Unknown,,English,3,,,,,,,,0.03,Neutral,,Post Type,,1.0,"""2041758528872882565""","""1911212805317091329""",,S❤️S,https://x.com/siumbliwonoh,,3.0,27.0,08-Apr-26,9:02 AM,,,,,,,,,,,,,,False,https://x.com/AmharaWarUpdate/status/2041531458972516565,,"""1775628141000_-KO6rJFqh8a0_9Dh1rrLICfiuZMA""",,,,,,,,,,,,,,,,,,,,,,,,
08-Apr-2026 09:00AM,,https://x.com/bogale89627/status/2041757939132985743,"RT @amorawwub: In Ethiopia, one doctor serves up to 10,000 people, ten times worse than the WHO-recommended ratio of 1:1,000. The situation ...",,Twitter,@bogale89627,Unknown,,English,38,,,,,,,,0.35,Negative,"abiy ahmed's genocidal forces,amhara region,cold blood,doctor,invaluable professionals,ratio,situation,target and murder",Post Type,,3.0,"""2041757939132985743""","""1705000792355491840""",,Getu bogale,https://x.com/bogale89627,,38.0,113.0,08-Apr-26,9:00 AM,,,,,,,,,,,,,,True,https://x.com/amorawwub/status/2041637401811153109,,"""1775628001000_MlrfaAQPRkOs77Opo_mfwgReR6YA""",,,,,,,,,,,,,,,,,,,,,,,,
08-Apr-2026 08:59AM,,https://x.com/AbebaAbeba89473/status/2041757713630113877,RT @BerhanuAsres: Dear @StateDept @AfricaUnions @UKinEthiopia @UNHumanRights @UN @EUCouncil Ethiopia: Widespread protests across the Amhara ...,,Twitter,@abebaabeba89473,Unknown,,English,75,,,,,,,,0.69,Negative,"ballot,bullet,decision,devastating war,election,peace,regime,widespread protests",Post Type,,3.0,"""2041757713630113877""","""2036157848535826432""",,ትግራውነት🫅🤌 ወግሑ ዶ ገና🙉🍫☕,https://x.com/AbebaAbeba89473,ክርስቶስ ፍቅሪ እዩ🙏 ፍቅሪ ክርስቶስ እዩ🙏 #TigrayGenocide📢,75.0,168.0,08-Apr-26,8:59 AM,,,,,,,,,,,,,,False,https://x.com/BerhanuAsres/status/2041755928077230124,,"""1775627947000_gGJGAovA5ycG7-ndrzjUshfkUd4A""",,,,,,,,,,,,,,,,,,,,,,,,
08-Apr-2026 08:55AM,,https://x.com/bogale89627/status/2041756922555330866,RT @fano_ze1855: Deep gratitude to the Lemkin Institute for shining a light on the horrific state-sanctioned genocide against the Amhara peo ...,,Twitter,@bogale89627,Unknown,,English,38,,,,,,,,0.35,Positive,"deep gratitude,genocide,light,responsible world leaders,world",Post Type,,3.0,"""2041756922555330866""","""1705000792355491840""",,Getu bogale,https://x.com/bogale89627,,38.0,113.0,08-Apr-26,8:55 AM,,,,,,,,,,,,,,True,https://x.com/fano_ze1855/status/2041674458994205012,,"""1775627759000_SCV9n0UlLPcf5tOF1sqw9uKU5YQA""",,,,,,,,,,,,,,,,,,,,,,,,
08-Apr-2026 08:52AM,,https://x.com/wediteame17/status/2041756053201928492,RT @WeldetnsaeG: @BlueAlpha01 @AbiyAhmedAli @MFAEthiopia The #Eritrean totalitarian regime continues to fuel conflict through interference o ...,,Twitter,@wediteame17,Unknown,,English,333,,,,,,,,3.08,Negative,"funding,logistical support,militant groups,regional instability,soil,totalitarian regime,training",Post Type,,4.0,"""2041756053201928492""","""1699518069016809472""",,ሚልኪያስ,https://x.com/wediteame17,,333.0,361.0,08-Apr-26,8:52 AM,,,,,,,,,,,,,,False,https://x.com/WeldetnsaeG/status/2041175387103695157,,"""1775627551000_uam9-QK0XRgUJVHW7nS2N6MuHfMA""",,,,,,,,,,,,,,,,,,,,,,,,
08-Apr-2026 08:51AM,,https://x.com/tigraway_/status/2041755806077501823,RT @BerhanuAsres: Dear @AfricaUnions @StateDept @EUCouncil @UKinEthiopia @WhiteHouse @antonioguterres @HouseofCommons @UNHumanRightsEU #Elec ...,,Twitter,@tigraway_,Unknown,,English,271,,,,,,,,2.51,Neutral,"amhara region,assumption,biggest electorates,challenges,country,crisis,critical barometer,efforts,electoral developments,equally consequential conflict",Post Type,,4.0,"""2041755806077501823""","""1813852390161874944""",,እዩሳፍጥ,https://x.com/tigraway_,#Tigray is my heart ❤️💛,271.0,287.0,08-Apr-26,8:51 AM,,,,,,,,,,,,,,False,https://x.com/BerhanuAsres/status/2041745824900591736,,"""1775627492000_CHHwMfIFTb5Uz13o7_h1hjDDOpMA""",,,,,,,,,,,,,,,,,,,,,,,,
08-Apr-2026 08:51AM,,https://x.com/Linumy23/status/2041755771021463603,"RT @ifa_ethiopia: In his paper presentation, International Relations Theories on the Conflict between Egypt and Ethiopia, Dr. Ahmed Ali Sale ...",,Twitter,@linumy23,Ethiopia,,English,56,,,,,,,,0.52,Neutral,"agency,agreement,conflict history,maritime security,red sea security dynamics",Post Type,,3.0,"""2041755771021463603""","""1910596575472345089""",,Lina,https://x.com/Linumy23,"Expert in Public Diplomacy DG, MFA @MFAEthiopia",56.0,307.0,08-Apr-26,8:51 AM,,,,,,,,,,,,,,False,https://x.com/ifa_ethiopia/status/2041444627635482849,,"""1775627484000_uxhydpenEZCjtorLxJutebTq1ssA""",,,,,,,,,,,,,,,,,,,,,,,,
08-Apr-2026 08:51AM,,https://x.com/tigraway_/status/2041755739698475417,RT @BerhanuAsres: Dear @UN @StateDept @EUCouncil @AfricaUnions @UNHumanRights @HumanRightsCtte @HouseForeign @WhiteHouse @HouseGOP The genoc ...,,Twitter,@tigraway_,Unknown,,English,271,,,,,,,,2.51,Negative,"accident of politics,accordance,agreement,ambition,attempts to impose,banking,campaign of destruction,delay,delay to regroup,deliberate campaign",Post Type,,4.0,"""2041755739698475417""","""1813852390161874944""",,እዩሳፍጥ,https://x.com/tigraway_,#Tigray is my heart ❤️💛,271.0,287.0,08-Apr-26,8:51 AM,,,,,,,,,,,,,,False,https://x.com/BerhanuAsres/status/2040996563158233154,,"""1775627476000_CHBkqcjKcwZqqMypzTD1R48PrgkA""",,,,,,,,,,,,,,,,,,,,,,,,
08-Apr-2026 08:50AM,,https://x.com/zed16276214/status/2041755482742722800,RT @Eliasyemariam: We appreciate the @LemkinInstitute important recognition of the ongoing genocide and state-sanctioned violence targeting ...,,Twitter,@zed16276214,Unknown,,English,329,,,,,,,,3.04,Negative,"abiy regime,amhara ppl,decisive action,important recognition,ongoing genocide,violence,world leaders",Post Type,,5.0,"""2041755482742722800""","""1415724776367214594""",,Z-NP,https://x.com/zed16276214,,329.0,227.0,08-Apr-26,8:50 AM,,,,,,,,,,,,,,False,https://x.com/Eliasyemariam/status/2041626329070592008,,"""1775627415000_a9jmafNHgF3bMdw_i8gVZNJPJfcA""",,,,,,,,,,,,,,,,,,,,,,,,
08-Apr-2026 08:48AM,,https://x.com/AsmarinaB80563/status/2041755036158427179,"RT @GirmaTelk: While flights to Dubai were banned due to the Israeli-US-Iranian war, Abiy Ahmed of Ethiopian Airlines now went to the so-cal ...",,Twitter,@asmarinab80563,Unknown,,English,36,,,,,,,,0.33,Negative,"insurance association,iranian war,military weapons,public",Post Type,,3.0,"""2041755036158427179""","""1965138652914196480""",,Asmarina Besera,https://x.com/AsmarinaB80563,,36.0,178.0,08-Apr-26,8:48 AM,,,,,,,,,,,,,,False,https://x.com/GirmaTelk/status/2041124166833668125,,"""1775627309000_eXrOEYtADXu59Uadu_rO31TX6LMA""",,,,,,,,,,,,,,,,,,,,,,,,
08-Apr-2026 08:46AM,,https://x.com/zed16276214/status/2041754497370734841,RT @AdemeMinty7901: Our freedom fighters 4life #AFMN #Amhara #Ethiopia Fano. 🙏 💪 💪 @@mfa_russia @XHNews @VOAAfrica @BBCBreaking @BBCNews @cn ...,,Twitter,@zed16276214,Unknown,,English,329,,,,,,,,3.04,Neutral,,Post Type,,5.0,"""2041754497370734841""","""1415724776367214594""",,Z-NP,https://x.com/zed16276214,,329.0,227.0,08-Apr-26,8:46 AM,,,,,,,,,,,,,,False,https://x.com/AdemeMinty7901/status/2041551831323508960,,"""1775627180000_Zso2Sc_GGSQ5WRHXK9BIE5Q-GI8A""",,,,,,,,,,,,,,,,,,,,,,,,
08-Apr-2026 08:41AM,,https://x.com/saba_t12/status/2041753277587501509,RT @TigraySelalia: You can’t call it a shortage everywhere and ignore a cutoff somewhere else. Ethiopia excludes #Tigray from its fuel direc ...,,Twitter,@saba_t12,Unknown,,English,383,,,,,,,,3.54,Negative,"cutoff,fuel directive,shortage,supply",Post Type,,5.0,"""2041753277587501509""","""1800686269145501696""",,sabawit,https://x.com/saba_t12,,383.0,391.0,08-Apr-26,8:41 AM,,,,,,,,,,,,,,False,https://x.com/TigraySelalia/status/2041686886993871007,,"""1775626889000_MoZnV5j8JYImoceFK9AU4jUAaeQA""",,,,,,,,,,,,,,,,,,,,,,,,
08-Apr-2026 08:39AM,,https://x.com/humethio/status/2041752891996713036,"RT @NathanWDemesse: 3 years ago today, the Abiy Ahmed regime disarmed the Amhara Special Forces for its planned continuation of the #AmharaG ...",,Twitter,@humethio,Unknown,,English,99,,,,,,,,0.92,Neutral,"abiy ahmed regime,army of millions,continuation",Post Type,,3.0,"""2041752891996713036""","""1323607032113565696""",,Call me Henok,https://x.com/humethio,"ሰብአዊ መብትን አጥብቆ የሚወድ ፋኖ ""Menelik shows mercy""",99.0,214.0,08-Apr-26,8:39 AM,,,,,,,,,,,,,,False,https://x.com/NathanWDemesse/status/2041243903613894807,,"""1775626798000_H3unqEo6PbXfW-fukz4X3IGa3NIA""",,,,,,,,,,,,,,,,,,,,,,,,
2026-02-10,,https://twitter.com/AndyBaldwi68070/statuses/2021328030556160132,"RT @UN: Ethiopia: Amid recent fighting in Tigray, @UNHumanRights chief @volker_turk warns of the risk of a deepening human rights crisis, ur ...",,,,,,English,623,,,,,,,,5.76,negative,,Post Type,,,,,,,,,,,,23:58,,,,,,,,,,,,,,,,,"""1770757131000_keo5Dua2bRHo-KsHHDC4zPYKyxoA""",,social,social network,Twitter,twitter.com,Repost,Dr. Andy Baldwin,@andybaldwi68070,,https://pbs.twimg.com/media/HAzqgPmaAAIfJRh.jpg,,"""https://www.ohchr.org/en/press-releases/2026/02/ethiopia-turk-urges-restraint-and-steps-towards-de-escalation-amid"";""https://x.com/UN/status/2021268423968522513/photo/1""",,chief;de-escalation;deepening;escalating tensions;human rights crisis;restraint and steps;risk,,,,,0.0,,,,,unknown
2026-02-10,,https://twitter.com/QueenLatifano/statuses/2021327914042786222,RT @Eliasyemariam: Fascist Abiy regime intensifies its indiscriminate drone attacks in the Amhara region [#Ethiopia]. Over three hundred dro ...,,,,Ethiopia,,English,826,,,,,,,,7.64,negative,,Post Type,,,,,,,,,,,,23:58,,,,,,,,,,,,,,,,,"""1770757103000_kL7MFELqMHFdrhfizk5ncDqBL-IA""",,social,social network,Twitter,twitter.com,Repost,ሰሊናFano👸🦅,@queenlatifano,,https://pbs.twimg.com/media/HA0yPouXYAAT_ry.jpg,#amharas;#ethiopia,"""https://x.com/Eliasyemariam/status/2021327056450044172/photo/1""",,amhara region;crime against humanity;fascist abiy regime;genocidal regime;hundred drone;indiscriminate drone attacks;ongoing war,,,,,0.0,,,,,unknown
2026-02-10,,https://twitter.com/2bEritrean/statuses/2021327445907984538,"RT @productofgreed: ⚠️WAR CRIMES IN ETHIOPIA communication blackout & all out military onslaught by genocidal regime of Abiy Ahmed, in Shewa ...",,,,,,English,19292,,,,,,,,178.45,negative,,Post Type,,,,,,,,,,,,23:56,,,,,,,,,,,,,,,,,"""1770756992000_k97HIGo5jUv2UEby6bq4-vJynswA""",,social,social network,Twitter,twitter.com,Repost,Proud 2b Eritrean,@2beritrean,,https://video.twimg.com/ext_tw_video/2021052676050444288/pu/vid/avc1/1096x720/vLrHw4gkqviIKtSO.mp4?tag=12,#amharagenocide;#waronamhara,"""https://x.com/productofgreed/status/2021052710754394298/video/1""",,amhara region;genocidal regime;out military onslaught;world,,,,,0.0,,,,,unknown
2026-02-10,,https://twitter.com/gbalavoine/statuses/2021327435568996560,RT @liam_karr: I wrote in January that Ethiopia's entry into the Sudanese civil war would be disastrous for Sudan and the entire Horn. Red S ...,,,,France,,English,667,,,,,,,,6.17,neutral,,Post Type,,,,,,,,,,,,23:56,Île-de-France,Paris,,,,,,,,,,,,,,,"""1770756989000_2xkNGhd8sRMe55yw0WO3pvqCvQAA""",,social,social network,Twitter,twitter.com,Repost,🇺🇦🇹🇼🇲🇲 🇬🇪 Guillaume Balavoine 🌍🗺📊🇪🇺,@gbalavoine,,https://pbs.twimg.com/media/HAzeK5faIAAmnxr.jpg,,"""https://x.com/liam_karr/status/2021236736312148263/photo/1"";""https://twitter.com/Reuters/status/2021121958763692429""",Paris,civil war;close partners;entire horn;entry;integral;major arms transfer;red sea dynamics;regional war;up this base,,,,,0.0,,,,,unknown
2026-02-10,,https://twitter.com/QueenLatifano/statuses/2021327370251329543,"RT @BizunehNeb2: ⚠️WAR CRIMES Under a communication blackout in Shewa, Amhara region,the Ethiopian Military led by genocider @AbiyAhmedAli c ...",,,,Ethiopia,,English,826,,,,,,,,7.64,negative,,Post Type,,,,,,,,,,,,23:56,,,,,,,,,,,,,,,,,"""1770756974000_fmDpDh6cRnPD4S3alDO5O4nul7EA""",,social,social network,Twitter,twitter.com,Repost,ሰሊናFano👸🦅,@queenlatifano,,https://video.twimg.com/ext_tw_video/2020544348476039168/pu/vid/avc1/1096x720/PVkyJ8HwPuXsoIGP.mp4?tag=12,#amharagenocide,"""https://x.com/productofgreed/status/2020544406315475347/video/1""",,amhara region;civilians;communication blackout;homes;out massacre;world,,,,,0.0,,,,,unknown
2026-02-10,,https://twitter.com/QueenLatifano/statuses/2021327320532009396,RT @Genetawit: ⚠️WAR CRIMES IN ETHIOPIA @SecRubio @AUC_PAPS @USEmbassyAddis @UN_HRC @AsstSecStateAF Your silence when Amhara is besieged in ...,,,,Ethiopia,,English,826,,,,,,,,7.64,negative,,Post Type,,,,,,,,,,,,23:56,,,,,,,,,,,,,,,,,"""1770756962000_THAySKdW97J1PzGdGovdH4Dgh6AA""",,social,social network,Twitter,twitter.com,Repost,ሰሊናFano👸🦅,@queenlatifano,,,#amharagenocide,"""https://twitter.com/productofgreed/status/2021292205260886339""",,communication;cutoff & bombs;genocidal army amounts;silence,,,,,0.0,,,,,unknown
2026-02-10,,https://twitter.com/comotedigounaco/statuses/2021326851222679763,RT @Haregeweyni1: The people of #Tigray cannot afford another brutal genocide. People in Tigtay are languishing in shelters as a result of t ...,,,,United States,,English,1096,,,,,,,,10.14,negative,,Post Type,,,,,,,,,,,,23:54,Louisiana,,,,,,,,,,,,,,,,"""1770756850000_KNQl1ewlY0afWmktqDXRcdemsHUA""",,social,social network,Twitter,twitter.com,Repost,Peligrodeincendio 🇪🇦🌈🖤,@comotedigounaco,,,#tigray,"""https://twitter.com/maku_sabawi/status/2020924749745095040""",,brutal genocide;brutal war;result;shelters,,,,,0.0,,,,,unknown
2026-02-10,,https://twitter.com/FthawitHab85692/statuses/2021326635966886002,RT @TiborPNagyJr: U.S. involvement is not necessary in every issue but the risk of renewed conflict between Ethiopia and Eritrea demands U.S ...,,,,,,English,2747,,,,,,,,25.41,negative,,Post Type,,,,,,,,,,,,23:53,,,,,,,,,,,,,,,,,"""1770756799000_eEXoTUCsS5xpwzvBKEdWvHBef0sA""",,social,social network,Twitter,twitter.com,Repost,Fthi~ካሚካዛ,@fthawithab85692,,https://pbs.twimg.com/media/HApMWeFXQAAwGgb.jpg,,"""https://x.com/TiborPNagyJr/status/2020511337596522684/photo/1""",,attention;critical issues;discussions;high level support;involvement;number;risk;such negotiations,,,,,0.0,,,,,unknown
2026-02-10,,https://twitter.com/BizunehNeb2/statuses/2021326569302786384,"RT @Freedom44225: Satellite images show 640+ tents, space for ~2,500 militants minimum. @AJEnglish @Reuters @UNHumanRights #AmharaGenocide # ...",,,,,,English,107,,,,,,,,0.99,neutral,,Post Type,,,,,,,,,,,,23:53,,,,,,,,,,,,,,,,,"""1770756783000_g-L5BQKfATdL4ujzdCp-MBNfPAUA""",,social,social network,Twitter,twitter.com,Repost,Nebz……….#Stop Amhara Genocide!!!!,@bizunehneb2,,https://pbs.twimg.com/media/HAzprW7aoAAq5yW.jpg,#amhara;#amharagenocide;#ethiopia,"""https://x.com/Freedom44225/status/2021247266833502514/photo/1""",,militants;satellite images show;space;tents,,,,,0.0,,,,,unknown
2026-02-10,,https://twitter.com/YosiTek/statuses/2021326479980716248,"RT @eri_id_: Allegations Emerge: Ethiopia Accused of Hosting RSF Training Camp Backed by UAE Funding Reuters reports that multiple sources, ...",,,,,,English,139,,,,,,,,1.29,negative,,Post Type,,,,,,,,,,,,23:52,,,,,,,,,,,,,,,,,"""1770756761000_7C8xMstyiYNPa77pRDhDk6sGUc8A""",,social,social network,Twitter,twitter.com,Repost,Yosi Tek,@yositek,,https://pbs.twimg.com/media/HAyblvVaAAAWJRs.jpg,#accountability;#ethiopia;#hornofafrica;#peace;#sudan;#uae,"""https://x.com/eri_id_/status/2021161416569352442/photo/1""",,accountability;allegations;armed groups;benishangul-gumuz region;conflict;external support;immediate end;regional peace;rsf fighters;senior ethiopian official,,,,,0.0,,,,,unknown
2026-02-10,,https://twitter.com/amin_abia/statuses/2021326364431827006,RT @SudaneseEcho: US Senate Chairman Warns of UAE-linked Training Hub for Rapid Support Militia in Ethiopia and Calls for Terrorist Designat ...,,,,,,English,719,,,,,,,,6.65,negative,,Post Type,,,,,,,,,,,,23:52,,,,,,,,,,,,,,,,,"""1770756734000_RhTFL7qLaJUU3ApJS7bjVHb82rQA""",,social,social network,Twitter,twitter.com,Repost,Abia Amin,@amin_abia,,https://pbs.twimg.com/media/HA0v5E-a8AAaVnn.jpg,#rsfisterroristorganization;#sudan;#uaekillssudanesepeople;#uaesponsorsterrorism,"""https://x.com/SudaneseEcho/status/2021324961982578931/photo/1""",,camp;crimes against humanity;crucial background to senator risch;development;even wider regional network;external support system operating;fighters;foreign terrorist organization;influential republican senator;international human rights organizations,,,,,0.0,,,,,unknown
2026-02-10,,https://twitter.com/merihwegihu/statuses/2021326302163161169,"RT @phelemawi: Sawa, a slavery plantation camp, compelled all #Eritrean youth to undergo what is euphemistically termed “National Service”bu ...",,,,,,English,2226,,,,,,,,20.59,negative,,Post Type,,,,,,,,,,,,23:51,,,,,,,,,,,,,,,,,"""1770756719000_WCKKVXvzOJBCynjdeSPQ1qk1T-EA""",,social,social network,Twitter,twitter.com,Repost,Scofield (ካሚ ካዘ),@merihwegihu,,https://pbs.twimg.com/media/GSYw0QIXAAApp_W.jpg,#bluerevolution;#eritrea;#eritrean;#ethiopia;#nomorepfdjpropaganda;#nomorepfdjterror;#pfdj;#sawa36;#tigray;#transnationalrepression,"""https://x.com/phelemawi/status/1812189580877238564/photo/1""",,abuse;activity;advocate;beatings or torture;concentration camp;dictator under threat;enslavement;experience;female military unit;gross violations,,,,,0.0,,,,,unknown
2026-02-10,,https://twitter.com/BizunehNeb2/statuses/2021326199080071240,RT @Freedom44225: RSF camp in Benishangul-Gumuz exposed by Reuters & multiple sources—UAE-backed militarization inside Ethiopia. @Reuters @U ...,,,,,,English,107,,,,,,,,0.99,negative,,Post Type,,,,,,,,,,,,23:51,,,,,,,,,,,,,,,,,"""1770756694000_DpkUmPrGoVqwynujzzHlORPERYwA""",,social,social network,Twitter,twitter.com,Repost,Nebz……….#Stop Amhara Genocide!!!!,@bizunehneb2,,https://pbs.twimg.com/media/HA0D7tyaYAAaGFY.jpg,#amhara;#amharagenocide;#ethiopia,"""https://x.com/Freedom44225/status/2021276134781092255/photo/1""",,backed militarization;multiple sources;rsf camp,,,,,0.0,,,,,unknown
2026-02-10,,https://twitter.com/t0n1vs/statuses/2021326105823895637,RT @DropSiteNews: 🚨 BREAKING: Ethiopia is hosting a covert military camp in its western Benishangul-Gumuz region to train thousands of fight ...,,,,,,English,2279,,,,,,,,21.08,neutral,,Post Type,,,,,,,,,,,,23:51,,,,,,,,,,,,,,,,,"""1770756672000_oARteTiZPJ6tNwHu-5q7EiPX_xIA""",,social,social network,Twitter,twitter.com,Repost,🇺🇦🫶🇲🇽🇬🇪🇹🇼アントニオ,@t0n1vs,,https://video.twimg.com/amplify_video/2021197498912735237/vid/avc1/1280x720/iBDq74D_ORwDVgNZ.mp4,,"""https://x.com/DropSiteNews/status/2021197555539779825/video/1"";""https://twitter.com/reuters/status/2021121958763692429""",,asosa airport;camp;capacity;civil war;claim;ethiopian involvement;hundreds;hundreds of tents;internal ethiopian security note;multiple sources,,,,,0.0,,,,,unknown
2026-02-10,,https://twitter.com/RemiThib/statuses/2021325889271718174,RT @clement_molin: Tensions are hitting up in northern Ethiopia 🇪🇹 Ethiopian National Defense Forces (ENDF) left multiple positions to the F ...,,,,Tunisia,,English,118,,,,,,,,1.09,neutral,,Post Type,,,,,,,,,,,,23:50,Al Mahdīyah,Mahdia,,,,,,,,,,,,,,,"""1770756621000_Z8DbR0OiKUj_dwoWr7HTfUP8dmQA""",,social,social network,Twitter,twitter.com,Repost,Thibault,@remithib,,https://video.twimg.com/amplify_video/2020971197383548928/vid/avc1/320x568/Nwjzj3cYmhR5TN7I.mp4,,"""https://x.com/clement_molin/status/2020977184576504043/video/1"";""https://twitter.com/clement_molin/status/2017384994004496408""",Mahdia,exercices;important endf troop deployment;important reinforcements to tigray;military confrontation;multiple positions;new equipements,,,,,0.0,,,,,unknown
2026-02-10,,https://twitter.com/BizunehNeb2/statuses/2021325848683729370,"RT @JemalCountess: WELKAIT, ETHIOPIA - APRIL 07, 2022: Addisu Mamaye Ayane wipes his brow as he stands next to the remains of at least three ...",,,,,,English,107,,,,,,,,0.99,negative,,Post Type,,,,,,,,,,,,23:50,,,,,,,,,,,,,,,,,"""1770756611000_3tPrZDslmJwYdQHiD6vMMfyWGU0A""",,social,social network,Twitter,twitter.com,Repost,Nebz……….#Stop Amhara Genocide!!!!,@bizunehneb2,,https://pbs.twimg.com/media/GRXBiZmaEAAga2A.jpg,,"""https://x.com/JemalCountess/status/1807563629958681066/photo/1""",,amhara land;camp;efforts by individuals;ethnic amhara;mass grave;members;numerous torture prisons;remains;thousands;thousands of individuals,,,,,0.0,,,,,unknown
2026-02-10,,https://twitter.com/AbrahamTecle5/statuses/2021325698741268586,"RT @thomascmountain: Major Ethiopian Amhara FANO/Patriots army victories send EthioArmy fleeing, abandoning important bases. Smokescreen PR ...",,,,,,English,306,,,,,,,,2.83,negative,,Post Type,,,,,,,,,,,,23:49,,,,,,,,,,,,,,,,,"""1770756575000_MxVTkFoGfgAOfhdcmNMSA1D8qYUA""",,social,social network,Twitter,twitter.com,Repost,Abraham Tecle,@abrahamtecle5,,,,,,eritrean involvement;important bases;patriots army victories;real war;tigray war brewing,,,,,0.0,,,,,unknown
2026-02-10,,https://twitter.com/BizunehNeb2/statuses/2021325677618921561,RT @DSultantv26: This is the video evidence masskiling or massacre in amhara region Ethiopia 🇪🇹 by the oromiya terorist regime and the regio ...,,,,,,English,107,,,,,,,,0.99,negative,,Post Type,,,,,,,,,,,,23:49,,,,,,,,,,,,,,,,,"""1770756570000_uBVdaMH6Q5kNVaVxMGC-lnhYdBUA""",,social,social network,Twitter,twitter.com,Repost,Nebz……….#Stop Amhara Genocide!!!!,@bizunehneb2,,https://video.twimg.com/ext_tw_video/1810616642663067648/pu/vid/avc1/1080x598/oULHLDdVzHopUHAj.mp4?tag=12,#amhara_genocide,"""https://x.com/DSultantv26/status/1810617003784179816/video/1""",,massacre;regional government oromiya;video evidence,,,,,0.0,,,,,unknown
2026-02-10,,https://twitter.com/BizunehNeb2/statuses/2021325601836241222,RT @JemalCountess: A new wave of intense propaganda is being undertaken to silence the survivors and conceal the stories around the victims ...,,,,,,English,107,,,,,,,,0.99,neutral,,Post Type,,,,,,,,,,,,23:49,,,,,,,,,,,,,,,,,"""1770756552000_y6bZd_GdP00k5uzxzN0LTOSthIQA""",,social,social network,Twitter,twitter.com,Repost,Nebz……….#Stop Amhara Genocide!!!!,@bizunehneb2,,https://pbs.twimg.com/media/GHWoXVDXkAAdBLo.jpg,#africa;#amhara;#amharagenocide;#amharamassmurder;#canoncps;#canoncpsusa;#ethiopia;#maikadra;#maikadramassacare;#northerncommandattacks,"""https://x.com/JemalCountess/status/1762500666906276272/photo/1""",,capital city;farm camps;help;northern command headquarters;samri and tplf death squads;special forces;stories;sudanese border;survivors stories;tigray region,,,,,0.0,,,,,unknown
2026-02-10,,https://twitter.com/TewerwariE/statuses/2021325444784562299,"RT @AligidirEritrea: There you go! Potemkin led #Ethiopia is escalating war with #Sudan & #Eritrea. Needless to say, the Ethiopian FM's lett ...",,,,,,English,4633,,,,,,,,42.86,negative,,Post Type,,,,,,,,,,,,23:48,,,,,,,,,,,,,,,,,"""1770756515000_ItY-IsMEn-dJ-AYlvNNYMH7KvIUA""",,social,social network,Twitter,twitter.com,Repost,Tewerwari-Ezi,@tewerwarie,,,#eritrea;#ethiopia;#sudan,"""https://twitter.com/Reuters/status/2021121958763692429""",,escalating war;letter;preemptive deflection;rsf training camp exposé,,,,,0.0,,,,,unknown
2026-02-10,,https://twitter.com/AlamBk4/statuses/2021325441613594731,"RT @Freedom44225: East Gojjam | Shebel Berenta Farm villages shelled despite no fighting, causing civilian harm and property destruction. St ...",,,,,,English,943,,,,,,,,8.72,negative,,Post Type,,,,,,,,,,,,23:48,,,,,,,,,,,,,,,,,"""1770756514000_qx1Z1TdqIaBYPD8FU7gmcX3PT2kA""",,social,social network,Twitter,twitter.com,Repost,Alam.B.k,@alambk4,,,#amhara;#amharagenocide;#ethiopia;#waronamhara,,,civilian harm;east gojjam;fighting;property destruction;shebel berenta farm villages,,,,,0.0,,,,,unknown
2026-02-10,,https://twitter.com,This account doesn’t exist,This account doesn’t exist,,,Pakistan,,English,181,,,,,,,,1.67,neutral,,Post Type,,,,,,,,,,,,23:48,Punjab,,,,,,,,,,,,,,,,"""1770756510000_rOp_RK7NFu0L-EhW86swNTpxiH8A""",,social,social network,Twitter,twitter.com,Repost,,,,,,"""https://www.reuters.com/investigations/ethiopia-builds-secret-camp-train-sudan-rsf-fighters-sources-say-2026-02-10/?utm_medium=Social&utm_source=twitter"";""https://x.com/MenchOsint/status/2021163104780828835/video/1"";""https://twitter.com/Reuters/status/2021121958763692429""",,,,,,,0.0,,,,,unknown
2026-02-10,,https://twitter.com/edeneyasu716494/statuses/2021325403160297768,"RT @Freweini_Ghebre: 4/ This is why analysts say the Ethiopia–Eritrea conflict is among the highest-risk conflict zones globally, where esca ...",,,,,,English,7,,,,,,,,0.06,negative,,Post Type,,,,,,,,,,,,23:48,,,,,,,,,,,,,,,,,"""1770756505000_rouQldejUjrfXlcEryq0ZQEUDp8A""",,social,social network,Twitter,twitter.com,Repost,edeneyasu7@gmail,@edeneyasu716494,,,,"""https://www.visionofhumanity.org/ethiopia-and-eritrea-understanding-the-risk-of-renewed-conflict/""",,analysts;conflict zones;disproportionate regional consequences;ethiopia–eritrea conflict,,,,,0.0,,,,,unknown
2026-02-10,,https://twitter.com/Taytu123/statuses/2021325339658424480,"RT @Freedom44225: 4,300 RSF militants began training in early January at the Benishangul-Gumuz camp. @Reuters @UNHumanRights @BBCWorld #Amha ...",,,,,,English,266,,,,,,,,2.46,neutral,,Post Type,,,,,,,,,,,,23:48,,,,,,,,,,,,,,,,,"""1770756490000_-hqXLqVKslfwieGG_Lwc5mS13P8A""",,social,social network,Twitter,twitter.com,Repost,አማራታጠቅ,@taytu123,,https://pbs.twimg.com/media/HAzo6TSasAAoGUW.jpg,#amhara;#amharagenocide;#ethiopia,"""https://x.com/Freedom44225/status/2021246424864723063/photo/1""",,benishangul-gumuz camp;rsf militants;training,,,,,0.0,,,,,unknown
2026-02-10,,https://twitter.com/edeneyasu716494/statuses/2021325333899641257,"RT @Freweini_Ghebre: 6/ Experts warn that renewed conflict between Ethiopia and Eritrea would directly impact the Red Sea corridor, one of t ...",,,,,,English,7,,,,,,,,0.06,negative,,Post Type,,,,,,,,,,,,23:48,,,,,,,,,,,,,,,,,"""1770756488000_vZ46RVze8h43gqX2NRQYQG6dqD0A""",,social,social network,Twitter,twitter.com,Repost,edeneyasu7@gmail,@edeneyasu716494,,,,"""https://ecfr.eu/article/power-struggle-what-the-saudi-uae-rivalry-means-for-the-red-sea-and-europe/""",,impact;military buildups;red sea corridor;world,,,,,0.0,,,,,unknown
28-Feb-2026 11:58PM,,https://twitter.com/Child_of_Yakub/statuses/2027850858277322912,RT @SomaliSasuke: Abiy Ahmed when the regional holy war that burns everything green and dry finally begins in the Middle East but the tigray ...,,Twitter,@child_of_yakub,Unknown,,English,224,,,,,,,,2.07,Neutral,"eritrean border,everything,regional holy war,tigrayan orphanage",Post Type,,4.0,"""2027850858277322912""","""1678370420569907201""",,Son of Yakub,https://twitter.com/Child_of_Yakub,Did they rebuild that burnt down building in downtown Whitby yet?,224.0,542.0,28-Feb-26,11:58 PM,,,,,,,,,,,,,,False,https://twitter.com/SomaliSasuke/statuses/2027770201161294270,,"""1772312294000_NPLPnPrkhCjHx-3xbKnm7ozpGLkA""",,,,,,,,,,,,,,,,,,,,,,,,
28-Feb-2026 11:53PM,,https://twitter.com/gebreyesgodana/statuses/2027849714637349083,"RT @Shalomzon: Ethiopia, Amhara Region, East Gojam, Enarji Town.Over 120 innocent people mercilessly slaughtered by a fascist @AbiyAhmedAli ...",,Twitter,@gebreyesgodana,Ethiopia,,English,11243,,,,,,,,104.0,Negative,"drone strike,mass murders,regime",Post Type,,8.0,"""2027849714637349083""","""390065224""",,እየመጡነው,https://twitter.com/gebreyesgodana,#እየመጡነው,11243.0,10120.0,28-Feb-26,11:53 PM,,,,,,,,,,,,,,False,https://twitter.com/Shalomzon/statuses/2027518733070336081,,"""1772312022000_mu7-V4vt_7nqhcDU0FtywKLfqAAA""",,,,,,,,,,,,,,,,,,,,,,,,
28-Feb-2026 11:53PM,,https://twitter.com/Ave_Mar_Madre/statuses/2027849579337564283,"RT @dwnews: In Ethiopia's Tigray region, displaced people remain trapped in limbo as tensions between Addis Ababa and Eritrea escalate. Whil ...",,Twitter,@ave_mar_madre,United States,,English,13434,,,,,,,,124.26,Negative,"fragile calm,moment,tigray fear war",Post Type,,8.0,"""2027849579337564283""","""2788205484""",,🇺🇸Ave Maria 🎵🎶,https://twitter.com/Ave_Mar_Madre,"Proud #ዓጋመ ፨ cradle #Tigray, adapted🇺🇸 . °°The greatest evil perpetrated is the evil committed by human beings who refuse to be humane°° Hannah A // DMs 🚫",13434.0,13466.0,28-Feb-26,11:53 PM,Illinois,Addison,,,,,,,,,,,,False,https://twitter.com/dwnews/statuses/2027375917757038625,,"""1772311989000_Z164eU7m60CUe4QVTGOsQ_v0DrgA""",,,,,,,,,,,,,,,,,,,,,,,,
28-Feb-2026 11:48PM,,https://twitter.com/forindependece/statuses/2027848348494139475,RT @BashirHashiysf: #Ethiopia #TIGRAY people Protest against the decision of the Ethiopian government - from the cities of Tigray Peaceful R ...,,Twitter,@forindependece,Unknown,,English,52,,,,,,,,0.48,Neutral,"appeals,areas,community representatives,coordinated rallies,decision,demonstrations,elections,international community,opposing recent federal decisions,peaceful mass demonstrations",Post Type,,3.0,"""2027848348494139475""","""1359988306788814853""",,Zemen,https://twitter.com/forindependece,Justice for Tigray,52.0,144.0,28-Feb-26,11:48 PM,,,,,,,,,,,,,,False,https://twitter.com/BashirHashiysf/statuses/2027393481618997627,,"""1772311696000_DwqScpM-wjZuFnLwXdYs2h8f3jcA""",,,,,,,,,,,,,,,,,,,,,,,,
28-Feb-2026 11:47PM,,https://twitter.com/YacobN3/statuses/2027848226917732748,"RT @TheFitawrari: In recent weeks, the armed forces of PM Ahmed and FM Jula (backed by the UAE) have bombarded numerous towns and other loca ...",,Twitter,@yacobn3,Ethiopia,,English,323,,,,,,,,2.99,Neutral,"armed forces,attacks,clinics,disproportionately targeted civilian gatherings,numerous towns,residential homes,schools,women and children",Post Type,,5.0,"""2027848226917732748""","""1430447473173139458""",,Yacob N,https://twitter.com/YacobN3,Information Technology Consultant and Blogger. Founder & Deputy Manager At DAYANT TRADING P.L.C,323.0,144.0,28-Feb-26,11:47 PM,Addis Ababa,Addis Ababa,,,,,,,,,,,,False,https://twitter.com/TheFitawrari/statuses/2027415559252385817,,"""1772311667000_PWLlXK2BEWeJjGOQJv3vVocD-2MA""",,,,,,,,,,,,,,,,,,,,,,,,
28-Feb-2026 11:47PM,,https://twitter.com/TigraySelm77126/statuses/2027848154062700826,"RT @phelemawi: Iran's regime slaughters thousands in protests, blackouts truth, faces US-Israel attacks today. @POTUS Trump urges uprising: ...",,Twitter,@tigrayselm77126,Unknown,,English,434,,,,,,,,4.01,Negative,"blackouts truth,demand,dictator escalates,freedom,government,hand,nations,regime change,terror,thousands in protests",Post Type,,5.0,"""2027848154062700826""","""1921695942161391616""",,ሓፍቲ WH ~ ዘ-ካሚካዘ,https://twitter.com/TigraySelm77126,#BlueRevolutionEritrea ✍️ #Justice4Tigray ⚖️ #TigrayGenocide . #Justice4TigrayGenocide. #Justice4TigraysWomenAndGirls #EritreanTroopsOutOfTigray መትከላዊት🔥,434.0,197.0,28-Feb-26,11:47 PM,,,,,,,,,,,,,,False,https://twitter.com/phelemawi/statuses/2027825344749707529,,"""1772311650000_Bmtdtly4Szev4oCySO8C5H7bMuMA""",,,,,,,,,,,,,,,,,,,,,,,,
28-Feb-2026 11:46PM,,https://twitter.com/BizunehNeb2/statuses/2027847969840762950,RT @made_in_addis: For those who are not familiar with #AmharaGenocide. A brief summary of the war & genocide against the Amhara people of E ...,,Twitter,@bizunehneb2,Unknown,,English,118,,,,,,,,1.09,Neutral,"brief summary,war & genocide",Post Type,,4.0,"""2027847969840762950""","""1670334564710088706""",,Nebz……….#Stop Amhara Genocide!!!!,https://twitter.com/BizunehNeb2,proud Amhara….reposting Amhara causes only !!!# Stop Amhara Genocide !!! #አማራ ጀኖሳይድ ይቁም!!!! #ድል ለፋኖ !!Amhara genocide must be stopped!,118.0,399.0,28-Feb-26,11:46 PM,,,,,,,,,,,,,,False,https://twitter.com/made_in_addis/statuses/1846756909367676949,,"""1772311606000_BTcd-F2ElMxrDj0RZKyPvhFbokcA""",,,,,,,,,,,,,,,,,,,,,,,,
28-Feb-2026 11:45PM,,https://twitter.com/BizunehNeb2/statuses/2027847747311964406,RT @HOAAffairs: Northwestern Gondar and the Original Sin of Annexation The legal and historical core of the #Welkait question is simple: the ...,,Twitter,@bizunehneb2,Unknown,,English,118,,,,,,,,1.09,Neutral,"amount of propaganda,civilizational boundary,constitution,country,criteria,ethiopian identity,historical core,historical geography,liberation front,moral argument",Post Type,,4.0,"""2027847747311964406""","""1670334564710088706""",,Nebz……….#Stop Amhara Genocide!!!!,https://twitter.com/BizunehNeb2,proud Amhara….reposting Amhara causes only !!!# Stop Amhara Genocide !!! #አማራ ጀኖሳይድ ይቁም!!!! #ድል ለፋኖ !!Amhara genocide must be stopped!,118.0,399.0,28-Feb-26,11:45 PM,,,,,,,,,,,,,,False,https://twitter.com/HOAAffairs/statuses/2004002842051588466,,"""1772311553000_XmxGCwAcebupAJFfYM8rfzRilsgA""",,,,,,,,,,,,,,,,,,,,,,,,
28-Feb-2026 11:44PM,,https://twitter.com,This account doesn’t exist,This account doesn’t exist,Twitter,,Unknown,,English,10,,,,,,,,0.09,Neutral,,Post Type,,,"""2027847492084125960""",,,,,,10.0,,28-Feb-26,11:44 PM,,,,,,,,,,,,,,False,https://twitter.com/phelemawi/statuses/2027826939692478556,,"""1772311492000_U52fCw_qqk64HmHlUw6D3kCaT1kA""",,,,,,,,,,,,,,,,,,,,,,,,
28-Feb-2026 11:44PM,,https://twitter.com/forindependece/statuses/2027847438078513546,RT @Danaity70: @WhiteHouse46 @amnesty @volker_turk @UN @Refugees @hrw @SecMarcoRu7700 @DavidAltonHL @USEmbassyAddis @AfricanUnion @EUCouncil ...,,Twitter,@forindependece,Unknown,,English,52,,,,,,,,0.48,Neutral,dangerous decision,Post Type,,3.0,"""2027847438078513546""","""1359988306788814853""",,Zemen,https://twitter.com/forindependece,Justice for Tigray,52.0,144.0,28-Feb-26,11:44 PM,,,,,,,,,,,,,,False,https://twitter.com/Danaity70/statuses/2027308617649582328,,"""1772311479000_dmZCm9bb7vgY2a4xivoeyTO0QeUA""",,,,,,,,,,,,,,,,,,,,,,,,
28-Feb-2026 11:44PM,,https://twitter.com/BizunehNeb2/statuses/2027847320407314509,RT @AmharaHQ: #ICHREE @AAA_Amhara documented incidents of sexual violence committed by TPLF forces against 930 ethnic Amhara women and girls ...,,Twitter,@bizunehneb2,Unknown,,English,118,,,,,,,,1.09,Negative,"ethnic amhara women,incidents,sexual violence,tplf forces",Post Type,,4.0,"""2027847320407314509""","""1670334564710088706""",,Nebz……….#Stop Amhara Genocide!!!!,https://twitter.com/BizunehNeb2,proud Amhara….reposting Amhara causes only !!!# Stop Amhara Genocide !!! #አማራ ጀኖሳይድ ይቁም!!!! #ድል ለፋኖ !!Amhara genocide must be stopped!,118.0,399.0,28-Feb-26,11:44 PM,,,,,,,,,,,,,,False,https://twitter.com/AmharaHQ/statuses/1636373906973143041,,"""1772311451000_7I6HrUpxbdM1PQYSyV85PAo91ewA""",,,,,,,,,,,,,,,,,,,,,,,,
28-Feb-2026 11:44PM,,https://twitter.com/MintesnotRufael/statuses/2027847297116037410,RT @ETEmbassyLDN: 🇪🇹 🇦🇿 𝗔𝘇𝗲𝗿𝗯𝗮𝗶𝗷𝗮𝗻 𝗣𝗮𝗿𝘁𝗻𝗲𝗿𝘀𝗵𝗶𝗽 𝗛𝗶𝗴𝗵𝗹𝗶𝗴𝗵𝘁𝘀 𝗘𝘁𝗵𝗶𝗼𝗽𝗶𝗮’𝘀 𝗘𝗳𝗳𝗲𝗰𝘁𝗶𝘃𝗲 𝗙𝗼𝗿𝗲𝗶𝗴𝗻 𝗣𝗼𝗹𝗶𝗰𝘆 – 𝗚𝗲𝗱𝗶𝗼𝗻 𝗧𝗶𝗺𝗼𝘁𝗵𝗲𝘄𝗼𝘀 Prime Minister Abiy Ahmed’ ...,,Twitter,@mintesnotrufael,Unknown,,English,618,,,,,,,,5.72,Positive,"bilateral relations,clear demonstration,cooperation,countries,discussions,foreign policy,global connectivity,investment engagement,longstanding friendship,minister further",Post Type,,4.0,"""2027847297116037410""","""1185138000461778944""",,Mintesnot Rufael,https://twitter.com/MintesnotRufael,,618.0,726.0,28-Feb-26,11:44 PM,,,,,,,,,,,,,,False,https://twitter.com/ETEmbassyLDN/statuses/2027817953152974990,,"""1772311445000_TAtajxMt1th3l1FJLoEZ3Wb0mk4A""",,,,,,,,,,,,,,,,,,,,,,,,
28-Feb-2026 11:43PM,,https://twitter.com/BizunehNeb2/statuses/2027847161254449363,RT @firfir133561: Please use these hashtags and speak about the unspeakable atrocities against Amhara women in Ethiopia. #AmharaGenocide #Wa ...,,Twitter,@bizunehneb2,Unknown,,English,118,,,,,,,,1.09,Negative,"amhara women,hashtags,unspeakable atrocities",Post Type,,4.0,"""2027847161254449363""","""1670334564710088706""",,Nebz……….#Stop Amhara Genocide!!!!,https://twitter.com/BizunehNeb2,proud Amhara….reposting Amhara causes only !!!# Stop Amhara Genocide !!! #አማራ ጀኖሳይድ ይቁም!!!! #ድል ለፋኖ !!Amhara genocide must be stopped!,118.0,399.0,28-Feb-26,11:43 PM,,,,,,,,,,,,,,False,https://twitter.com/firfir133561/statuses/1849528962265080088,,"""1772311413000_zADUxHc0YJC_Pz4GUWWjmD8S9AQA""",,,,,,,,,,,,,,,,,,,,,,,,
28-Feb-2026 11:43PM,,https://twitter.com/BizunehNeb2/statuses/2027847067792728483,"RT @zoomafrika1: Ooh No, Stop Genocide ongoing in Amhara region, Ethiopia 😭😭😭😭😭😭😭 https://t.co/GO2S7iZxDC",,Twitter,@bizunehneb2,Unknown,,English,118,,,,,,,,1.09,Negative,amhara region,Post Type,,4.0,"""2027847067792728483""","""1670334564710088706""",,Nebz……….#Stop Amhara Genocide!!!!,https://twitter.com/BizunehNeb2,proud Amhara….reposting Amhara causes only !!!# Stop Amhara Genocide !!! #አማራ ጀኖሳይድ ይቁም!!!! #ድል ለፋኖ !!Amhara genocide must be stopped!,118.0,399.0,28-Feb-26,11:43 PM,,,,,,,,,,,,,,False,https://twitter.com/zoomafrika1/statuses/1867667182605271254,,"""1772311391000_tvKr2PBHoxv2i8mxBWVLa0igOtoA""",,,,,,,,,,,,,,,,,,,,,,,,
28-Feb-2026 11:43PM,,https://twitter.com/tsjatismewat/statuses/2027847041074766061,RT @clement_molin: « For having stopped 8 wars » ▪️DRC/Rwanda 🇨🇩🇷🇼 : war continued ▪️Thailand/Cambodia 🇹🇭🇰🇭 : war continued ▪️Armenia/Azerba ...,,Twitter,@tsjatismewat,Unknown,,English,575,,,,,,,,5.32,Neutral,"allies,arab states,bomb,border skirmish,multiple countries,wars",Post Type,,6.0,"""2027847041074766061""","""1167482061113954311""",,ALFRED🇳🇱🇪🇺🇺🇦,https://twitter.com/tsjatismewat,Tell me something I don't know,575.0,47.0,28-Feb-26,11:43 PM,,,,,,,,,,,,,,False,https://twitter.com/clement_molin/statuses/2013292722375811221,,"""1772311384000_PRcDnM0feUkK_TXwbXKCbl3lc_UA""",,,,,,,,,,,,,,,,,,,,,,,,
28-Feb-2026 11:42PM,,https://twitter.com/NatLuke2/statuses/2027846882957951106,"RT @TheFitawrari: Yesterday community members protested PM Ahmed’s state visit to Azerbaijan🇦🇿 outside @AzerbaijaninUK in London, UK 🇬🇧. The ...",,Twitter,@natluke2,Unknown,,English,180,,,,,,,,1.67,Negative,"amhara civilians,escalating violence,light,yesterday community members",Post Type,,4.0,"""2027846882957951106""","""1368841346233077762""",,NatLuke,https://twitter.com/NatLuke2,,180.0,338.0,28-Feb-26,11:42 PM,,,,,,,,,,,,,,False,https://twitter.com/TheFitawrari/statuses/2027822576655859718,,"""1772311347000_g9XCxaYnk0M5mt3iv1IUCcwa2NwA""",,,,,,,,,,,,,,,,,,,,,,,,
28-Feb-2026 11:40PM,,https://twitter.com/BizunehNeb2/statuses/2027846266705805506,"RT @HOAAffairs: Jihadi J-War, a #Salafist and Oromo extremist, has spent decades preaching hatred and inciting violence, particularly agains ...",,Twitter,@bizunehneb2,Unknown,,English,118,,,,,,,,1.09,Negative,"actions,audacity,book,close ally,country,decades,destructive agenda,devastating legacy,divide,hatred",Post Type,,4.0,"""2027846266705805506""","""1670334564710088706""",,Nebz……….#Stop Amhara Genocide!!!!,https://twitter.com/BizunehNeb2,proud Amhara….reposting Amhara causes only !!!# Stop Amhara Genocide !!! #አማራ ጀኖሳይድ ይቁም!!!! #ድል ለፋኖ !!Amhara genocide must be stopped!,118.0,399.0,28-Feb-26,11:40 PM,,,,,,,,,,,,,,False,https://twitter.com/HOAAffairs/statuses/1872823049239613891,,"""1772311200000_OACgV43H0pm5aAnD91WL1-JQcvMA""",,,,,,,,,,,,,,,,,,,,,,,,
28-Feb-2026 11:39PM,,https://twitter.com/BizunehNeb2/statuses/2027846190365344018,RT @AmharaHQ: ⚠️WAR CRIMES IN ETHIOPIA @_AfricanUnion can't claim Continental leadership while #WarOnAmhara wedged by a genocidal regime fal ...,,Twitter,@bizunehneb2,Unknown,,English,118,,,,,,,,1.09,Negative,"civilians,crisis,doorstep,genocidal regime,institutions,leadership,silence",Post Type,,4.0,"""2027846190365344018""","""1670334564710088706""",,Nebz……….#Stop Amhara Genocide!!!!,https://twitter.com/BizunehNeb2,proud Amhara….reposting Amhara causes only !!!# Stop Amhara Genocide !!! #አማራ ጀኖሳይድ ይቁም!!!! #ድል ለፋኖ !!Amhara genocide must be stopped!,118.0,399.0,28-Feb-26,11:39 PM,,,,,,,,,,,,,,False,https://twitter.com/AmharaHQ/statuses/2022712282094981223,,"""1772311182000_n5ua8fYqCnABFPlVyDtNthCQcgUA""",,,,,,,,,,,,,,,,,,,,,,,,
28-Feb-2026 11:39PM,,https://twitter.com/BizunehNeb2/statuses/2027846075399434640,RT @Eliasyemariam: State terrorism of Abiy regime is raging in the Amhara region of #Ethiopia. The military is conducting a callous campaign ...,,Twitter,@bizunehneb2,Unknown,,English,118,,,,,,,,1.09,Negative,"abiy regime,amhara region,callous campaign,cold-blooded murderer,innocent ethnic amharas,military,rape,slaughter,starvation,violence",Post Type,,4.0,"""2027846075399434640""","""1670334564710088706""",,Nebz……….#Stop Amhara Genocide!!!!,https://twitter.com/BizunehNeb2,proud Amhara….reposting Amhara causes only !!!# Stop Amhara Genocide !!! #አማራ ጀኖሳይድ ይቁም!!!! #ድል ለፋኖ !!Amhara genocide must be stopped!,118.0,399.0,28-Feb-26,11:39 PM,,,,,,,,,,,,,,False,https://twitter.com/Eliasyemariam/statuses/2024218423169896627,,"""1772311154000_Kp3lulNP-DR290h46DQAWyArCksA""",,,,,,,,,,,,,,,,,,,,,,,,
28-Feb-2026 11:39PM,,https://twitter.com/BizunehNeb2/statuses/2027846057921782198,"RT @LiyuFkir: This is a war crime and atrocity committed against the Amhara people by the Ethiopian Defense Forces, Abiy Ahmed's personal ar ...",,Twitter,@bizunehneb2,Unknown,,English,118,,,,,,,,1.09,Negative,"amhara region,civilians,crops,door to door,homes,personal army,war crime and atrocity",Post Type,,4.0,"""2027846057921782198""","""1670334564710088706""",,Nebz……….#Stop Amhara Genocide!!!!,https://twitter.com/BizunehNeb2,proud Amhara….reposting Amhara causes only !!!# Stop Amhara Genocide !!! #አማራ ጀኖሳይድ ይቁም!!!! #ድል ለፋኖ !!Amhara genocide must be stopped!,118.0,399.0,28-Feb-26,11:39 PM,,,,,,,,,,,,,,False,https://twitter.com/LiyuFkir/statuses/2024196759757472083,,"""1772311150000_c052ZF_mvj0yrXEkpn0BdZ9N7vwA""",,,,,,,,,,,,,,,,,,,,,,,,
28-Feb-2026 11:38PM,,https://twitter.com/Habte346626907/statuses/2027845897711669467,RT @SirakBahlbi: It is typical that Media outlets and commentators alike are writing headlines 'Renewed War between #Ethiopia and #Eritrea' ...,,Twitter,@habte346626907,Unknown,,English,18,,,,,,,,0.17,Neutral,"headlines,media outlets and commentators",Post Type,,2.0,"""2027845897711669467""","""1891779861804359680""",,Habte,https://twitter.com/Habte346626907,,18.0,110.0,28-Feb-26,11:38 PM,,,,,,,,,,,,,,False,https://twitter.com/SirakBahlbi/statuses/2027011556655947827,,"""1772311112000_zaSK77ND17B4RQJXpCeSEIEDlJcA""",,,,,,,,,,,,,,,,,,,,,,,,
28-Feb-2026 11:38PM,,https://twitter.com/MohammedCeaser/statuses/2027845882926764215,RT @SudaneseEcho: Le Monde Investigation Reveals Expanding UAE Air Network Enabling Rapid Support Militia Campaign of Violence and Civilian ...,,Twitter,@mohammedceaser,France,,English,613,,,,,,,,5.67,Neutral,"aircraft,airline,bishoftu air base,end beneficiary,ethiopian capital,euros,faso amounts,international airport,investigation indicate,le monde reports",Post Type,,5.0,"""2027845882926764215""","""2787696953""",,Talk about Sudan🇵🇸🇸🇩,https://twitter.com/MohammedCeaser,SHORT BUT WISE،أرى أبعد من قدمي ، فيلسوف ، كتاباتي تخلو من العاطفة ، منطقي لحد التشاؤم، إنسان SUST SUR 24باعتدال ارد بنقيض ما تكتب حتى تستبين كامل الصورة,613.0,1000.0,28-Feb-26,11:38 PM,Grand Est,Sedan,,,,,,,,,,,,False,https://twitter.com/SudaneseEcho/statuses/2027811906870706365,,"""1772311108000_-YSi8K2u9k0x6ArhWc054lOoxvMA""",,,,,,,,,,,,,,,,,,,,,,,,
28-Feb-2026 11:37PM,,https://twitter.com/TemesgenOk84118/statuses/2027845542957515005,RT @hawelti: Ethiopia: Abiy's War Script and the Media’s False Balance on Eritrea; The Mesob Journal Insightful and nuanced analysis that re ...,,Twitter,@temesgenok84118,Unknown,,English,19,,,,,,,,0.18,Neutral,"agendas,conflict entrepreneurs,layered current developments,nuanced analysis,objective news analysis,papers",Post Type,,2.0,"""2027845542957515005""","""1637921109625413638""",,Eritrea 💞 🇪🇷,https://twitter.com/TemesgenOk84118,,19.0,31.0,28-Feb-26,11:37 PM,,,,,,,,,,,,,,False,https://twitter.com/hawelti/statuses/2025203227189543015,,"""1772311027000_P4nejgs_b9AyNMI25o4V1F9tR8UA""",,,,,,,,,,,,,,,,,,,,,,,,
28-Feb-2026 11:36PM,,https://twitter.com/Delina2377/statuses/2027845467942346908,RT @Etomiuc: #tigray #ethiopia Fed Denies Tigray Trade Officials’ Fuel Supply Cutoff Claim https://t.co/bG8gePuAIO,,Twitter,@delina2377,Unknown,,English,722,,,,,,,,6.68,Neutral,,Post Type,,5.0,"""2027845467942346908""","""1709425238528663552""",,Delina2,https://twitter.com/Delina2377,,722.0,531.0,28-Feb-26,11:36 PM,,,,,,,,,,,,,,False,https://twitter.com/Etomiuc/statuses/2027712834897842543,,"""1772311009000_obegyvf0NVxXQ3QeJMOevKgizn8A""",,,,,,,,,,,,,,,,,,,,,,,,
28-Feb-2026 11:31PM,,https://twitter.com/Delina2377/statuses/2027844014112645320,RT @BerhanuAsres: Subject: Urgent Concerns: Potential Conflict in Tigray Dear @USEmbassyAddis @UKinEthiopia @StateDept @EU_Commission @UN_HR ...,,Twitter,@delina2377,Unknown,,English,722,,,,,,,,6.68,Negative,"attention,best regards,consideration,critical issue,full-blown war erupt,grave risk,main battleground,potential conflict,previous genocidal war,region",Post Type,,5.0,"""2027844014112645320""","""1709425238528663552""",,Delina2,https://twitter.com/Delina2377,,722.0,531.0,28-Feb-26,11:31 PM,,,,,,,,,,,,,,False,https://twitter.com/BerhanuAsres/statuses/2027779004237820081,,"""1772310663000_lF6O-guLPImkLeucl6K1MWN03-YA""",,,,,,,,,,,,,,,,,,,,,,,,
31-Jan-2026 11:58PM,,https://twitter.com/louisduquatorze/statuses/2017704117150392559,RT @clement_molin: ‼️A new war may be starting in Ethiopia 🇪🇹 ‼️ Only 3 years after the ceasefire of the devastating Tigray war (600 000 dea ...,,Twitter,@louisduquatorze,Unknown,,English,34,,,,,,,,0.31,Negative,"ceasefire,devastating tigray war,new war,verge",Post Type,,2.0,"""2017704117150392559""","""1974518141750259712""",,Jean_michel,https://twitter.com/louisduquatorze,,34.0,869.0,31-Jan-26,11:58 PM,,,,,,,,,,,,,,False,https://twitter.com/clement_molin/statuses/2017384994004496408,,"""1769893123000_tvlan6DyiP-AINItKmywkx9GRbcA""",,,,,,,,,,,,,,,,,,,,,,,,
31-Jan-2026 11:56PM,,https://twitter.com/Babby_1212/statuses/2017703474012512685,RT @BerhanuAsres: Dear @USEmbassyAddis @StateDept @HouseForeign @EU_Commission @AJEnglish @_AfricanUnion @UN @SecMarcosR5215 @UKinEthiopia @ ...,,Twitter,@babby_1212,Unknown,,English,247,,,,,,,,2.28,Negative,"out drone strikes,tigray region,towns,violation",Post Type,,4.0,"""2017703474012512685""","""1912567831494889472""",,ሓፍቲ ዳይመንድmg💎❤️,https://twitter.com/Babby_1212,ገዛና ገዛ #ሕብረት ተጋሩንተጋሩ ኣብ ትዊተር,247.0,252.0,31-Jan-26,11:56 PM,,,,,,,,,,,,,,False,https://twitter.com/BerhanuAsres/statuses/2017673074586620219,,"""1769892969000_5zy8FnOjKRnFz93R2MbvvKglOmMA""",,,,,,,,,,,,,,,,,,,,,,,,
31-Jan-2026 11:55PM,,https://twitter.com/SelemawitKidane/statuses/2017703223440654621,RT @KjetilTronvoll: My comment on the outbreak of armed confrontations between #TPLF / #Tigray forces and #Ethiopia federal forces and its p ...,,Twitter,@selemawitkidane,Sweden,,English,978,,,,,,,,9.05,Neutral,"armed confrontations,federal forces,outbreak,possible implications",Post Type,,5.0,"""2017703223440654621""","""1562162321715249153""",,ጓል ሃገረ-ሰብ 💎 🦋,https://twitter.com/SelemawitKidane,ዕድመ ናይ ሂወትኪ ዘይ ኮነስ፡ ሂወት ናይ ዕድመኺ ቁጸሪ ነብሰይ🌺💎 ቋንቋይ መንነተይ ባህለይ ኩርዓተይ 😊 ህላውነተይ ብዕቃበ ቋንቋይን ባህለይን ይረጋገጽ ንወሎዶታት ምምሕልላፍ ድማ ጻዕረይ #ኣድናቂት የማነ (ባርያ),978.0,1784.0,31-Jan-26,11:55 PM,,,,,,,,,,,,,,False,https://twitter.com/KjetilTronvoll/statuses/2017257627713978699,,"""1769892910000_FnL6xKsp-c8xv8xW8fYh_sAGc38A""",,,,,,,,,,,,,,,,,,,,,,,,
31-Jan-2026 11:54PM,,https://twitter.com/3ADan_11/statuses/2017703159431577880,"RT @AJEnglish: One person has been killed and another injured in drone strikes in Ethiopia’s ‍northern Tigray ‍region, a senior Tigrayan off ...",,Twitter,@3adan_11,Unknown,,English,17131,,,,,,,,158.46,Negative,"conflict,drone strikes,fears,federal forces,humanitarian worker,person,senior tigrayan",Post Type,,8.0,"""2017703159431577880""","""546110021""",,DK Cali 🐐,https://twitter.com/3ADan_11,Jesus is my savior! please contact us for any Tax related issue at https://t.co/yI5Vuzxmjt,17131.0,529.0,31-Jan-26,11:54 PM,,,,,,,,,,,,,,False,https://twitter.com/AJEnglish/statuses/2017626469338431887,,"""1769892894000_x3ohCNjMCO90iWmwhhH7gPzynQ4A""",,,,,,,,,,,,,,,,,,,,,,,,
31-Jan-2026 11:54PM,,https://twitter.com/3ADan_11/statuses/2017703045107429400,RT @AfriMEOSINT: Tensions are escalating in Tigray region The Ethiopian National Defence Forces (ENDF) 🇪🇹 reportedly carried out a drone str ...,,Twitter,@3adan_11,Unknown,,English,17131,,,,,,,,158.46,Negative,"agricultural goods,central tigray,enticho area,out a drone strike,person,tigray region,trucks",Post Type,,8.0,"""2017703045107429400""","""546110021""",,DK Cali 🐐,https://twitter.com/3ADan_11,Jesus is my savior! please contact us for any Tax related issue at https://t.co/yI5Vuzxmjt,17131.0,529.0,31-Jan-26,11:54 PM,,,,,,,,,,,,,,False,https://twitter.com/AfriMEOSINT/statuses/2017545402388566080,,"""1769892867000_XzOdZfBEWZmVvcVYsxRSvCYbjR8A""",,,,,,,,,,,,,,,,,,,,,,,,
31-Jan-2026 11:53PM,,https://twitter.com/teddyenglizu/statuses/2017702892447183213,"RT @ETHDefenders: @ExtSpoxEU @eu_eeas For 7 years, Ethiopia has burned—Tigray, then Amhara. Silence when Amharas were bombed. Loud warnings ...",,Twitter,@teddyenglizu,Unknown,,English,22,,,,,,,,0.20,Negative,"bias,courage,danger,ethiopian life,loud warnings",Post Type,,2.0,"""2017702892447183213""","""1473019571514875908""",,Baye Teddy,https://twitter.com/teddyenglizu,Am weak and selfish Jesus/god help me Almost 99% of man's haven't a human Only the name of man positive thinking is positive out comes excuse me all for everyth,22.0,511.0,31-Jan-26,11:53 PM,,,,,,,,,,,,,,False,https://twitter.com/ETHDefenders/statuses/2017637479835218418,,"""1769892831000_QuaxniOjNK8981rvnptR056Dw14A""",,,,,,,,,,,,,,,,,,,,,,,,
31-Jan-2026 11:53PM,,https://twitter.com/BerheTsehai/statuses/2017702838206333010,RT @BashirHashiysf: 🚨 🚨 Urgent #Ethiopia The Ethiopian government has undergone a drone strike on civilian infrastructure in the town of Ent ...,,Twitter,@berhetsehai,Unknown,,English,1848,,,,,,,,17.09,Neutral,"administration,civilian casualties,drone strike,local sources,media,morning,old war,several directions,targeted areas,various drones",Post Type,,6.0,"""2017702838206333010""","""1370101132903788544""",,Tsehai Berhe,https://twitter.com/BerheTsehai,,1848.0,1869.0,31-Jan-26,11:53 PM,,,,,,,,,,,,,,False,https://twitter.com/BashirHashiysf/statuses/2017510669474513066,,"""1769892818000_8d0kGGVie37N1aGih3Yd_SPsKFMA""",,,,,,,,,,,,,,,,,,,,,,,,
31-Jan-2026 11:53PM,,https://twitter.com/tigraway_/statuses/2017702691154083859,"RT @TigraySelalia: #Tigray: Ethiopian Airlines flights suspensions entered third day, leaving passengers stranded. Meanwhile, reported drone ...",,Twitter,@tigraway_,Unknown,,English,270,,,,,,,,2.50,Negative,"drone strikes,ethiopian airlines flights suspensions,food,passengers,trucks",Post Type,,4.0,"""2017702691154083859""","""1813852390161874944""",,እዩሳፍጥ,https://twitter.com/tigraway_,#Tigray is my heart ❤️💛,270.0,286.0,31-Jan-26,11:53 PM,,,,,,,,,,,,,,False,https://twitter.com/TigraySelalia/statuses/2017660784352915669,,"""1769892783000_bxDMRPKj4wXzfXbDXMXNXW2-zvkA""",,,,,,,,,,,,,,,,,,,,,,,,
31-Jan-2026 11:52PM,,https://twitter.com/BerheTsehai/statuses/2017702587882000607,"RT @KassaHMariam: According to various sources in Tigray, the Ethiopian government violated the 2022 Pretoria Cessation of Hostilities Agree ...",,Twitter,@berhetsehai,Unknown,,English,1848,,,,,,,,17.09,Negative,"central tigray,civilian fatality,destruction of trucks,drones to target,food,injuries,items,locations",Post Type,,6.0,"""2017702587882000607""","""1370101132903788544""",,Tsehai Berhe,https://twitter.com/BerheTsehai,,1848.0,1869.0,31-Jan-26,11:52 PM,,,,,,,,,,,,,,False,https://twitter.com/KassaHMariam/statuses/2017650953416286326,,"""1769892758000_--zxmQ-iivsq9uNuWE57R03tHJgA""",,,,,,,,,,,,,,,,,,,,,,,,
31-Jan-2026 11:52PM,,https://twitter.com/BerheTsehai/statuses/2017702567426363872,"RT @WegahtaFacts: #Tigray: Ethiopian Airlines flights suspensions entered third day, leaving passengers stranded. Meanwhile, reported drone ...",,Twitter,@berhetsehai,Unknown,,English,1848,,,,,,,,17.09,Negative,"drone strikes,ethiopian airlines flights suspensions,food,passengers,trucks",Post Type,,6.0,"""2017702567426363872""","""1370101132903788544""",,Tsehai Berhe,https://twitter.com/BerheTsehai,,1848.0,1869.0,31-Jan-26,11:52 PM,,,,,,,,,,,,,,False,https://twitter.com/WegahtaFacts/statuses/2017509159923601423,,"""1769892753000_XxanbXUUTg_IJWXBRCyWJEjgNXAA""",,,,,,,,,,,,,,,,,,,,,,,,
31-Jan-2026 11:52PM,,https://twitter.com/MeleyUprising/statuses/2017702559385854004,"RT @ElizabethTecle: As Deputy Secretary of State Christopher Landau @DeputySecState visits Horn of Africa, U.S. must clearly call out #Eritr ...",,Twitter,@meleyuprising,Unknown,,English,615,,,,,,,,5.69,Negative,"central source,chaos,dictator,forces",Post Type,,5.0,"""2017702559385854004""","""1761952867512967168""",,ወዲ*LeፋY=🔥🛡️⚔️7ብRiት💙🌿💙 🦅,https://twitter.com/MeleyUprising,#Eritrea will be free || Justice seeker || #BlueRevolution || Truth teller Equality for every living soul Unite the people ✨ #Justice #RegimeChangeInEritrea,615.0,844.0,31-Jan-26,11:52 PM,,,,,,,,,,,,,,False,https://twitter.com/ElizabethTecle/statuses/2016541517742055761,,"""1769892751000_lgo3YCQ-bHfiuXcf_eLXYycIZJ0A""",,,,,,,,,,,,,,,,,,,,,,,,
31-Jan-2026 11:52PM,,https://twitter.com/Atsu2427/statuses/2017702479488536880,RT @Yonigussie: Opposition Says Ethiopia Triggered Latest Tigray Clashes Baytona’s Kinfe G/Yohanes says Abiy is retracing the very steps tha ...,,Twitter,@atsu2427,Unknown,,English,336,,,,,,,,3.11,Negative,"direct confrontation,genocidal war,latest conflict,latest tigray clashes baytona,very steps,warning",Post Type,,5.0,"""2017702479488536880""","""1605572384194691072""",,A👸🦋,https://twitter.com/Atsu2427,butterfly🦋🌺,336.0,227.0,31-Jan-26,11:52 PM,,,,,,,,,,,,,,False,https://twitter.com/Yonigussie/statuses/2017339778954330152,,"""1769892732000_A44gFOg9yWKJ9p-2gbgOHlFEwFQA""",,,,,,,,,,,,,,,,,,,,,,,,
31-Jan-2026 11:52PM,,https://twitter.com/martinplaut/statuses/2017702444315136345,RT @Etomiuc: #tigray #ethiopia #Ethiopian News: Tigray opposition parties urge international mediators to intervene as tensions raise fears ...,,Twitter,@martinplaut,United Kingdom,,English,379931,,,,,,,,"3,514.36",Neutral,"fears,international mediators,tensions,tigray opposition parties urge",Post Type,,10.0,"""2017702444315136345""","""174174847""",,Martin Plaut,https://twitter.com/martinplaut,"South Africa, the Horn of Africa. Fellow, Institute of Commonwealth Studies. Made in 🇿🇦🇪🇺🇬🇧",379931.0,1055.0,31-Jan-26,11:52 PM,England,London,,,,,,,,,,,,True,https://twitter.com/Etomiuc/statuses/2017207141543641311,,"""1769892724000_8wUTLC0KpIvlQ6PCl2D_OGZAagsA""",,,,,,,,,,,,,,,,,,,,,,,,
31-Jan-2026 11:51PM,,https://twitter.com/dede42799904/statuses/2017702354750001311,"RT @Afiye1952: Not only did the Eritrean regime enter the Ethiopian war without any purpose, leaving many soldiers in the hills of Tigray, b ...",,Twitter,@dede42799904,Unknown,,English,648,,,,,,,,5.99,Negative,"blood,citizens,destruction,dictatorial regime,ethiopian war,families,many soldiers,normal tragedy,notorious eritrean regime,notorious group",Post Type,,5.0,"""2017702354750001311""","""1396380226951819267""",,Dede,https://twitter.com/dede42799904,,648.0,535.0,31-Jan-26,11:51 PM,,,,,,,,,,,,,,False,https://twitter.com/Afiye1952/statuses/2017475490487890170,,"""1769892703000_rBira96drwdvxFumokWWIW1O8EYA""",,,,,,,,,,,,,,,,,,,,,,,,
31-Jan-2026 11:51PM,,https://twitter.com/tigray_kuhulo/statuses/2017702353630068839,"RT @BashirHashiysf: All flights to #Tigray have been suspended, by Ethiopian government, by unknown reasons, as confirmed by reliable source ...",,Twitter,@tigray_kuhulo,Unknown,,English,474,,,,,,,,4.38,Neutral,"flights,reliable sources,unknown reasons",Post Type,,5.0,"""2017702353630068839""","""1431167118863699971""",,Queen💛❤sheba👸,https://twitter.com/tigray_kuhulo,Tigraweyti🙏,474.0,538.0,31-Jan-26,11:51 PM,,,,,,,,,,,,,,False,https://twitter.com/BashirHashiysf/statuses/2016758591517028615,,"""1769892702000_WnZ5mNDh_dyxXHG1VyUuUhx7WYcA""",,,,,,,,,,,,,,,,,,,,,,,,
31-Jan-2026 11:50PM,,https://twitter.com/tigray_kuhulo/statuses/2017702001518260568,"RT @BashirHashiysf: #Ethiopia the government is planning airstrikes in Tigray after flight cancellations and cash shortages in Mekelle, as a ...",,Twitter,@tigray_kuhulo,Unknown,,English,474,,,,,,,,4.38,Negative,"additional armed militias,agreement,airstrikes in tigray after flight,de-escalation,full implementation,government,illegal administration,many call,militarization and escalation,militia",Post Type,,5.0,"""2017702001518260568""","""1431167118863699971""",,Queen💛❤sheba👸,https://twitter.com/tigray_kuhulo,Tigraweyti🙏,474.0,538.0,31-Jan-26,11:50 PM,,,,,,,,,,,,,,False,https://twitter.com/BashirHashiysf/statuses/2016897344600510635,,"""1769892618000_44KZ_z9IVb9HVSL9TEcTde2DWt4A""",,,,,,,,,,,,,,,,,,,,,,,,
31-Jan-2026 11:46PM,,https://twitter.com/Robelaz1/statuses/2017701008348999912,"RT @ReutersAfrica: One person was killed and another injured in drone strikes in Ethiopia's northern Tigray region on Saturday, a senior Tig ...",,Twitter,@robelaz1,Unknown,,English,28,,,,,,,,0.26,Negative,"conflict,drone strikes,humanitarian worker,national forces,person,senior tigrayan,sign",Post Type,,2.0,"""2017701008348999912""","""1734014123040485376""",,Robel Az,https://twitter.com/Robelaz1,,28.0,184.0,31-Jan-26,11:46 PM,,,,,,,,,,,,,,False,https://twitter.com/ReutersAfrica/statuses/2017576164076716087,,"""1769892382000_8l-6L6S3NREntkqZ7V_gGW14aeUA""",,,,,,,,,,,,,,,,,,,,,,,,
31-Jan-2026 11:45PM,,https://twitter.com/KirosKudus/statuses/2017700777637138570,"RT @GetachewAssefa_: Coalition of Civil Society Organizations Issues Urgent Call for Peace in Tigray and Ethiopia UMD Media January 31, 2026 ...",,Twitter,@kiroskudus,Ethiopia,,English,21,,,,,,,,0.19,Neutral,"armed escalations,border escalations,civil society organizations,coalition,constitutional administrations,current developments,first drone,following entities,genocidal violence,genuine dialogue",Post Type,,2.0,"""2017700777637138570""","""1622622971566125056""",,kudus kiros,https://twitter.com/KirosKudus,Tighat,21.0,148.0,31-Jan-26,11:45 PM,Tigray,Mek'ele,,,,,,,,,,,,False,https://twitter.com/GetachewAssefa_/statuses/2017618006655082904,,"""1769892327000_zLctoj53j1Hz6vw0RBgTwETp1n8A""",,,,,,,,,,,,,,,,,,,,,,,,
31-Jan-2026 11:44PM,,https://twitter.com/batseba_Tigray/statuses/2017700558581162135,RT @addisstandard: News: #Tigray authorities warn against unjustified price hikes amid market anxiety Authorities in Tigray have issued coor ...,,Twitter,@batseba_tigray,Unknown,,English,1009,,,,,,,,9.33,Negative,"absence,actions,airlines flights,coordinated warnings,exaggerated price increases,heightened public anxiety,legal measures,market disruptions,merchants,objective supply",Post Type,,6.0,"""2017700558581162135""","""1685592932806508544""",,Bat-seba Seifu,https://twitter.com/batseba_Tigray,Co-Founder & Chairperson - GEM Tigray,1009.0,899.0,31-Jan-26,11:44 PM,,,,,,,,,,,,,,False,https://twitter.com/addisstandard/statuses/2017598910542365002,,"""1769892274000_IFG3UG4lERoLIO_K2qkAhpMkk7YA""",,,,,,,,,,,,,,,,,,,,,,,,
31-Jan-2026 11:44PM,,https://twitter.com/Abrahamsol24/statuses/2017700531574129133,"RT @menkem_tgray: Tigray has been pleading for 3 years for the peaceful return of Western Tigray and Tselemti, which were taken by invasion. ...",,Twitter,@abrahamsol24,Unknown,,English,1051,,,,,,,,9.72,Neutral,"invasion,open war,peaceful return",Post Type,,6.0,"""2017700531574129133""","""1772378589431795712""",,Abraham Solomon,https://twitter.com/Abrahamsol24,,1051.0,1212.0,31-Jan-26,11:44 PM,,,,,,,,,,,,,,False,https://twitter.com/menkem_tgray/statuses/2017530303988785304,,"""1769892268000_d9yg1Xs8K8eYRDvjp_2gK6UgmP8A""",,,,,,,,,,,,,,,,,,,,,,,,
31-Jan-2026 11:42PM,,https://twitter.com/getish_desta/statuses/2017699988394938396,"RT @MichelCillard: Aucun commentaire officiel sur la reprise des hostilités, pas plus pour regretter le décès d'un civil innocent ou s'intér ...",,Twitter,@getish_desta,Unknown,,French,4151,,,,,,,,38.40,Negative,"civil innocent,commentaire officiel,population face,reprise des hostilités,violence récurrente",Post Type,,7.0,"""2017699988394938396""","""1548375192342122501""",,GETISH DESTA,https://twitter.com/getish_desta,👨‍✈️💪Tigray Adey Nzelalem Bdeka Tkiber👩‍✈️💪❤💛Tigrayey Ajoki 💔☂️Etu Kal Kidan💍 Zatewelky Fetari Aleky Eu💔☂️💒💍💒💎❤💛👊💪 #FreeAllTigray #Justice4Tigray,4151.0,1491.0,31-Jan-26,11:42 PM,,,,,,,,,,,,,,True,https://twitter.com/MichelCillard/statuses/2017660164300476620,,"""1769892138000_kBIYBqNWUwvkA9zyGzo16Wbsvw0A""",,,,,,,,,,,,,,,,,,,,,,,,
31-Jan-2026 11:40PM,,https://twitter.com/getish_desta/statuses/2017699427293577378,"RT @hayelomkahsay1: #Multiple_Drone_attacks in #Tigray region #Ethiopia,on31/01/2026 night, #International community should act now to #stop ...",,Twitter,@getish_desta,Unknown,,English,4151,,,,,,,,38.40,Neutral,"community,imminent war,night,region",Post Type,,7.0,"""2017699427293577378""","""1548375192342122501""",,GETISH DESTA,https://twitter.com/getish_desta,👨‍✈️💪Tigray Adey Nzelalem Bdeka Tkiber👩‍✈️💪❤💛Tigrayey Ajoki 💔☂️Etu Kal Kidan💍 Zatewelky Fetari Aleky Eu💔☂️💒💍💒💎❤💛👊💪 #FreeAllTigray #Justice4Tigray,4151.0,1491.0,31-Jan-26,11:40 PM,,,,,,,,,,,,,,True,https://twitter.com/hayelomkahsay1/statuses/2017477528756089094,,"""1769892005000_-gTuWidYnhbXFa_yov0DIMIZSeUA""",,,,,,,,,,,,,,,,,,,,,,,,
31-Jan-2026 11:39PM,,https://twitter.com/evenspl/statuses/2017699404342231206,"RT @Reuters: Drone strikes in Ethiopia's Tigray region kill one, injure another https://t.co/ZsRE7dgQeF https://t.co/ZsRE7dgQeF",,Twitter,@evenspl,Unknown,,English,4536,,,,,,,,41.96,Negative,drone strikes,Post Type,,7.0,"""2017699404342231206""","""330414774""",,Evens Paul,https://twitter.com/evenspl,"The future of our planet is depending on us to act responsibly, so let us keep our environment clean and safe.",4536.0,1635.0,31-Jan-26,11:39 PM,,,,,,,,,,,,,,False,https://twitter.com/Reuters/statuses/2017647826029687102,,"""1769891999000_-ejTEn9XbbK_ocVaWaRcYEfvywgA""",,,,,,,,,,,,,,,,,,,,,,,,
31-Jan-2026 11:39PM,,https://twitter.com/SelemunT/statuses/2017699264420315635,RT @Yonigussie: Tigray Civilians Terrorized as Ethiopia Intensifies Drone Strikes At least one person was killed and another injured when an ...,,Twitter,@selemunt,Unknown,,English,290,,,,,,,,2.68,Negative,"commercial trucks,enticho town,ethiopian drone hit,second drone strike,separate incident",Post Type,,5.0,"""2017699264420315635""","""386160543""",,Selemun Negash Tesfa,https://twitter.com/SelemunT,,290.0,102.0,31-Jan-26,11:39 PM,,,,,,,,,,,,,,False,https://twitter.com/Yonigussie/statuses/2017577484787617861,,"""1769891966000_UjpHhEr4Suu5I773NTOzARl_fXIA""",,,,,,,,,,,,,,,,,,,,,,,,
31-Jan-2026 11:39PM,,https://twitter.com/Abrahamsol24/statuses/2017699222565392797,RT @neo_tigray: #InternationalCommunityAttention ❗️ ‼️ ⚠️ ⛔️ ⚠️ ‼️ ⚠️ ⛔️ ‼️ ⚠️ ⛔️ @realDonaldTrump @SecRubio @USEmbassyAddis @EU_Commission ...,,Twitter,@abrahamsol24,Unknown,,English,1051,,,,,,,,9.72,Negative,"armed groups,arrogance,blindness,children,crisis,dirty regional game,ethnic conflict,failed wars,families,future",Post Type,,6.0,"""2017699222565392797""","""1772378589431795712""",,Abraham Solomon,https://twitter.com/Abrahamsol24,,1051.0,1212.0,31-Jan-26,11:39 PM,,,,,,,,,,,,,,False,https://twitter.com/neo_tigray/statuses/2017654356846514648,,"""1769891956000_d1hVywnVLBhfmvjXAGhb4O1inPMA""",,,,,,,,,,,,,,,,,,,,,,,,
31-Mar-2026 11:59PM,,https://x.com/b_almnsy/status/2039085291991187766,RT @b_almnsy: نبذة تاريخية عن ارتريا ✅ الهجرات من الجزيرة العربية لم تبدأ منذ مئة سنة كما يقول البعض بل بدأت منذ عهد سبأ وحمير بين القرن الس ...,,Twitter,@b_almnsy,Eritrea,,Arabic,4178,,,,,,,,38.65,Negative,"ارتريا,النجاشي اصمحة,والمصرية حتي",Post Type,,7.0,"""2039085291991187766""","""1475113030715265024""",,Abdullah Al-Asmarawi عبدالله الأسمراوي,https://x.com/b_almnsy,Telegram Library address blew. Suppot #إرتريا_مخطوفة رابط مكتبتي في تلغرام,4178.0,3251.0,31-Mar-26,11:59 PM,,,,,,,,,,,,,,False,https://x.com/b_almnsy/status/2039085023979323614,,"""1774990792000_HPxFtp4wVErRFjk5biDJIF_scMoA""",,,,,,,,,,,,,,,,,,,,,,,,
31-Mar-2026 11:59PM,,https://x.com/JuweelRana5/status/2039085203298373802,RT @AJENews: UPDATE: Ethiopia rations fuel amid Middle East war-related shortages 🔴 LIVE updates: https://t.co/RuyXpRJcjV https://t.co/YPhD4 ...,,Twitter,@juweelrana5,United Arab Emirates,,English,344,,,,,,,,3.18,Neutral,"live updates,shortages",Post Type,,5.0,"""2039085203298373802""","""1086288951344648192""",,Juweel Rana,https://x.com/JuweelRana5,International political analysis it's for islam. Electrical Engineer and hard working person in this subject.,344.0,714.0,31-Mar-26,11:59 PM,Abu Dhabi,Abu Dhabi,,,,,,,,,,,,False,https://x.com/AJENews/status/2038999937958949212,,"""1774990771000_UuMhAW5j5aXLOt24KrXNO9fveYsA""",,,,,,,,,,,,,,,,,,,,,,,,
31-Mar-2026 11:56PM,,https://x.com/NevarroNative/status/2039084407278194781,RT @YilmaYada: የሮምን ጥንስስ ተቀብለው ፣ እስኪመረዝ አብላልተው በገነባው አገር ባይተዋር አድርገው የፈጁት አማራ! (#AprilAmharaRememberanceMonth) The Colonial Genesis of The A ...,,Twitter,@nevarronative,Unknown,,English,105,,,,,,,,0.97,Negative,"colonial blueprint,colonial narratives,death warrant,domestic actors,entire ethnicity,foreign colonisers,genealogical dynamics,primary enemy,research article",Post Type,,3.0,"""2039084407278194781""","""1264499114""",,Bante,https://x.com/NevarroNative,,105.0,304.0,31-Mar-26,11:56 PM,,,,,,,,,,,,,,False,https://x.com/YilmaYada/status/2039078637228499151,,"""1774990581000_sN1J5kYMhgRpRU7ltP5lfkdOcPcA""",,,,,,,,,,,,,,,,,,,,,,,,
31-Mar-2026 11:56PM,,https://x.com/rahwa_mebr83133/status/2039084320057348197,"RT @Etomiuc: #tigray #ethiopia #Eritrea For survivors of Ethiopian massacres, fears of a new war are looming https://t.co/uXDmA8dfaQ",,Twitter,@rahwa_mebr83133,Unknown,,English,26,,,,,,,,0.24,Negative,"fears,massacres,new war",Post Type,,2.0,"""2039084320057348197""","""1979952972571328512""",,Rahwa Mebrahtu,https://x.com/rahwa_mebr83133,,26.0,66.0,31-Mar-26,11:56 PM,,,,,,,,,,,,,,False,https://x.com/Etomiuc/status/2033632319479709974,,"""1774990560000_XZnY7tMfIVtiIiWL7BspvbVOtH4A""",,,,,,,,,,,,,,,,,,,,,,,,
31-Mar-2026 11:55PM,,https://x.com/rahwa_mebr83133/status/2039084100338798953,RT @Mengsteab444: The best question is how many civilians have to be killed due to starvation and lack of medical care in the Tigray regiona ...,,Twitter,@rahwa_mebr83133,Unknown,,English,26,,,,,,,,0.24,Negative,"best question,genocidal war,lack,many civilians,medical care",Post Type,,2.0,"""2039084100338798953""","""1979952972571328512""",,Rahwa Mebrahtu,https://x.com/rahwa_mebr83133,,26.0,66.0,31-Mar-26,11:55 PM,,,,,,,,,,,,,,False,https://x.com/Mengsteab444/status/2039048145548476431,,"""1774990508000_JMj4nPQOCMZOnt0iqBW6knbj8wAA""",,,,,,,,,,,,,,,,,,,,,,,,
31-Mar-2026 11:53PM,,https://x.com/AsterN86058844/status/2039083747132211698,"RT @AlulaFre: Discipline Over Decibels: Power and Illusion in the Horn of Africa March 31, 2026 Why strategic restraint not loud rhetoric wi ...",,Twitter,@astern86058844,Unknown,,English,127,,,,,,,,1.17,Neutral,"access,actors,actual capability,deliberate strategy,derg regime,discipline,expansionist rhetoric,immense domestic pressure,late cold war,military strategy",Post Type,,4.0,"""2039083747132211698""","""1261399502335983616""",,AsterN,https://x.com/AsterN86058844,,127.0,98.0,31-Mar-26,11:53 PM,,,,,,,,,,,,,,False,https://x.com/AlulaFre/status/2038856104566763587,,"""1774990424000__0jWWkzeMrX986xeh6eGhxV1JR8A""",,,,,,,,,,,,,,,,,,,,,,,,
31-Mar-2026 11:53PM,,https://x.com/rahwa_mebr83133/status/2039083719378477365,"RT @Yonigussie: Ethiopian Army Left #Tigray Schools Looted, Ruined In Raya, the genocidal ENDF army turned schools into military camps—looti ...",,Twitter,@rahwa_mebr83133,Unknown,,English,26,,,,,,,,0.24,Negative,"classrooms in ruins,damage,facilities,genocidal endf army,materials,military camps,property,schools,withdrawal",Post Type,,2.0,"""2039083719378477365""","""1979952972571328512""",,Rahwa Mebrahtu,https://x.com/rahwa_mebr83133,,26.0,66.0,31-Mar-26,11:53 PM,,,,,,,,,,,,,,False,https://x.com/Yonigussie/status/2039023600083111986,,"""1774990417000_zIIeFGznS9JJHCN_8y4GpCMbW6wA""",,,,,,,,,,,,,,,,,,,,,,,,
31-Mar-2026 11:50PM,,https://x.com/rahwa_mebr83133/status/2039083003494686825,RT @Etomiuc: #tigray #ethiopia Lives on Hold: Humanitarian crisis deepens amid stalled peace in Tigray - Addis Standard https://t.co/fIAa56Z ...,,Twitter,@rahwa_mebr83133,Unknown,,English,26,,,,,,,,0.24,Neutral,"humanitarian crisis,stalled peace",Post Type,,2.0,"""2039083003494686825""","""1979952972571328512""",,Rahwa Mebrahtu,https://x.com/rahwa_mebr83133,,26.0,66.0,31-Mar-26,11:50 PM,,,,,,,,,,,,,,False,https://x.com/Etomiuc/status/2039068731091857422,,"""1774990247000_Og9jiol_y4DJ7KokCuQs6B4kUsAA""",,,,,,,,,,,,,,,,,,,,,,,,
31-Mar-2026 11:47PM,,https://x.com/HenogK/status/2039082101765484616,"RT @tesfanews: ""We are expected to turn every conflict into an opportunity, rather than a threat."" ― PM Abiy Ahmed ETHIOPIA ― ⚡️ PM Abiy Ahm ...",,Twitter,@henogk,Unknown,,English,188,,,,,,,,1.74,Negative,"abiy ahmed administration,approach,arms,assistance,bill,coastline ambition,confidence,conflict,conflict into opportunity,control",Post Type,,4.0,"""2039082101765484616""","""1663862003704766466""",,Henog Kidane,https://x.com/HenogK,,188.0,282.0,31-Mar-26,11:47 PM,,,,,,,,,,,,,,False,https://x.com/tesfanews/status/2039077174670434330,,"""1774990032000_-zwEXqhFDka6CUfxJ9Q9zu18ScIA""",,,,,,,,,,,,,,,,,,,,,,,,
31-Mar-2026 11:44PM,,https://x.com/Betty38107458/status/2039081379888333163,"RT @zborkena: Targeted And Forgotten: The Persecution, Displacement, Mass Killing, and Mass Arrest of the Amhara People in Ethiopia . Read m ...",,Twitter,@betty38107458,Unknown,,English,6585,,,,,,,,60.91,Negative,,Post Type,,8.0,"""2039081379888333163""","""1492706478838661120""",,Fano አመለወርቅ,https://x.com/Betty38107458,,6585.0,536.0,31-Mar-26,11:44 PM,,,,,,,,,,,,,,True,https://x.com/zborkena/status/2038317623822156041,,"""1774989859000_c_edMOMZuhx5KjEOclrqZSSwKxcA""",,,,,,,,,,,,,,,,,,,,,,,,
31-Mar-2026 11:42PM,,https://x.com/GERD11389959/status/2039080833718403075,"RT @Eliasyemariam: The repeated drone strikes on populated areas in Ethiopia’s Amhara region have left communities deeply traumatized, livin ...",,Twitter,@gerd11389959,Unknown,,English,384,,,,,,,,3.55,Negative,"accountability,amhara region,communities,constant fear,demand,immense suffering,indiscriminate aerial attacks,repeated drone,safety,urgent international attention",Post Type,,5.0,"""2039080833718403075""","""1440251102084010002""",,yadaveli💚💛❤,https://x.com/GERD11389959,Real eyes.... realize.... real lies,384.0,383.0,31-Mar-26,11:42 PM,,,,,,,,,,,,,,False,https://x.com/Eliasyemariam/status/2039063139686220257,,"""1774989729000_hkU2f0-UewP1pj0ZfeEq5ZKmsysA""",,,,,,,,,,,,,,,,,,,,,,,,
31-Mar-2026 11:38PM,,https://x.com/BekMAG33889/status/2039079978038390787,"RT @AAA_Amhara: ⚡️ℹ️ #UPDATE: AAA has learned that on March 15th, 2026 Oromo Prosperity Party regime soldiers abducted six civilians includi ...",,Twitter,@bekmag33889,Unknown,,English,1,,,,,,,,0.01,Neutral,"civilians,minors",Post Type,,,"""2039079978038390787""","""2030272034505474048""",,Meseret Bekele,https://x.com/BekMAG33889,,1.0,38.0,31-Mar-26,11:38 PM,,,,,,,,,,,,,,False,https://x.com/AAA_Amhara/status/2038734938615300107,,"""1774989525000_8d-mNxv1fQCtHlQ6de4mcWhAvbcA""",,,,,,,,,,,,,,,,,,,,,,,,
31-Mar-2026 11:32PM,,https://x.com/BizunehNeb2/status/2039078483679117744,RT @HOAAffairs: The Humanitarian Crisis in Ethiopia's Amhara Region: A Summary of Key Findings Introduction: Understanding the Situation Thi ...,,Twitter,@bizunehneb2,Unknown,,English,117,,,,,,,,1.08,Negative,"amhara population,attacks,children,children to maximize,civilian infrastructure,civilian population,civilians,drone campaign,entire region,extreme age range",Post Type,,4.0,"""2039078483679117744""","""1670334564710088706""",,Nebz……….#Stop Amhara Genocide!!!!,https://x.com/BizunehNeb2,proud Amhara….reposting Amhara causes only !!!# Stop Amhara Genocide !!! #አማራ ጀኖሳይድ ይቁም!!!! #ድል ለፋኖ !!Amhara genocide must be stopped!,117.0,415.0,31-Mar-26,11:32 PM,,,,,,,,,,,,,,False,https://x.com/HOAAffairs/status/1992312127076340028,,"""1774989169000_r7PZjxG5XolXrQBE-3ktGFihQzcA""",,,,,,,,,,,,,,,,,,,,,,,,
31-Mar-2026 11:31PM,,https://x.com/BizunehNeb2/status/2039078264161894681,"RT @HOAAffairs: A ""forgotten war"" is devastating women’s lives in Ethiopia’s Amhara region. Since conflict erupted between the army and Fano ...",,Twitter,@bizunehneb2,Unknown,,English,117,,,,,,,,1.08,Negative,"amhara region,army and fano militias,conflict,devastating women,thousands of women",Post Type,,4.0,"""2039078264161894681""","""1670334564710088706""",,Nebz……….#Stop Amhara Genocide!!!!,https://x.com/BizunehNeb2,proud Amhara….reposting Amhara causes only !!!# Stop Amhara Genocide !!! #አማራ ጀኖሳይድ ይቁም!!!! #ድል ለፋኖ !!Amhara genocide must be stopped!,117.0,415.0,31-Mar-26,11:31 PM,,,,,,,,,,,,,,False,https://x.com/HOAAffairs/status/1997017918303826265,,"""1774989117000_rtJ6Zzlw7KTEbIGODlv3qK8AaggA""",,,,,,,,,,,,,,,,,,,,,,,,
31-Mar-2026 11:31PM,,https://x.com/BizunehNeb2/status/2039078175817256976,"RT @afroDude2128: Mainly Amhara Orthodox Christians in Ethiopia r being targeted with unimaginable brutality.Families hunted,churches burned ...",,Twitter,@bizunehneb2,Unknown,,English,117,,,,,,,,1.08,Negative,"entire communities,isolated incidents,systematic attacks,unimaginable brutality",Post Type,,4.0,"""2039078175817256976""","""1670334564710088706""",,Nebz……….#Stop Amhara Genocide!!!!,https://x.com/BizunehNeb2,proud Amhara….reposting Amhara causes only !!!# Stop Amhara Genocide !!! #አማራ ጀኖሳይድ ይቁም!!!! #ድል ለፋኖ !!Amhara genocide must be stopped!,117.0,415.0,31-Mar-26,11:31 PM,,,,,,,,,,,,,,False,https://x.com/afroDude2128/status/1997029497561027055,,"""1774989096000_r23oPRBEqJNq6wOdYgOEiGn2x1sA""",,,,,,,,,,,,,,,,,,,,,,,,
31-Mar-2026 11:31PM,,https://x.com/BizunehNeb2/status/2039078081919340653,"RT @neby_G: 🚨 𝐁𝐫𝐞𝐚𝐤𝐢𝐧𝐠: @AbiyAhmedAli 𝐫𝐞𝐠𝐢𝐦𝐞’𝐬 𝐟𝐨𝐫𝐜𝐞𝐬 𝐛𝐮𝐫𝐧 𝐦𝐚𝐧 𝐚𝐥𝐢𝐯𝐞 𝐢𝐧 𝐊𝐨𝐛𝐨, 𝐀𝐦𝐡𝐚𝐫𝐚 𝐑𝐞𝐠𝐢𝐨𝐧, 𝐟𝐨𝐫 𝐝𝐢𝐬𝐩𝐥𝐚𝐲𝐢𝐧𝐠 𝐡𝐢𝐬𝐭𝐨𝐫𝐢𝐜 𝐬𝐲𝐦𝐛𝐨𝐥 𝐨𝐟 𝐄𝐦𝐩𝐞𝐫𝐨𝐫 𝐌𝐞𝐧𝐞𝐥 ...",,Twitter,@bizunehneb2,Unknown,,English,117,,,,,,,,1.08,Negative,"accompanying emblem,african resistance to colonialism,bajaj,brutality,endf forces,entire body,fascist abiy regime,kobo town,name,name and image",Post Type,,4.0,"""2039078081919340653""","""1670334564710088706""",,Nebz……….#Stop Amhara Genocide!!!!,https://x.com/BizunehNeb2,proud Amhara….reposting Amhara causes only !!!# Stop Amhara Genocide !!! #አማራ ጀኖሳይድ ይቁም!!!! #ድል ለፋኖ !!Amhara genocide must be stopped!,117.0,415.0,31-Mar-26,11:31 PM,,,,,,,,,,,,,,False,https://x.com/neby_G/status/1999012048152224172,,"""1774989073000_ul2pO_JNVKlFmannf4nvaYMWKaUA""",,,,,,,,,,,,,,,,,,,,,,,,
31-Mar-2026 11:31PM,,https://x.com/BizunehNeb2/status/2039078067012845657,"RT @LeyatHona23: The cost of being Amhara in Ethiopia? Torture, rape, and death. Ethnic identity is not a crime. End the #AmharaGenocide now ...",,Twitter,@bizunehneb2,Unknown,,English,117,,,,,,,,1.08,Negative,"cost,crime,death,ethnic identity",Post Type,,4.0,"""2039078067012845657""","""1670334564710088706""",,Nebz……….#Stop Amhara Genocide!!!!,https://x.com/BizunehNeb2,proud Amhara….reposting Amhara causes only !!!# Stop Amhara Genocide !!! #አማራ ጀኖሳይድ ይቁም!!!! #ድል ለፋኖ !!Amhara genocide must be stopped!,117.0,415.0,31-Mar-26,11:31 PM,,,,,,,,,,,,,,False,https://x.com/LeyatHona23/status/1999334532391272952,,"""1774989070000_3ymb7r6dvvH0UPMc7HG9h1nwqAsA""",,,,,,,,,,,,,,,,,,,,,,,,
31-Mar-2026 11:28PM,,https://x.com/QueenLatifano/status/2039077470134034615,"RT @BizunehNeb2: Ethiopia, Amhara Region, East Gojam, Enarji Town.Over 120 innocent people mercilessly slaughtered by a fascist @AbiyAhmedAl ...",,Twitter,@queenlatifano,Ethiopia,,English,847,,,,,,,,7.83,Negative,"drone strike,mass murders,regime",Post Type,,6.0,"""2039077470134034615""","""1449960713158635520""",,ሰሊናFano👸🦅,https://x.com/QueenLatifano,አስር ሞት መጣ ቢለው አንዱን ግባ በለው አለ አይዞን ሀቅን ይዞ ጉዞ መጨረሻው ድል ነው ዐማራ አይፈራም አይኮራም 💪💚💛❤ #Fano #Be a Voice for the Voiceless #AmharaGenocide,847.0,315.0,31-Mar-26,11:28 PM,,,,,,,,,,,,,,False,https://x.com/BizunehNeb2/status/2039072099248279567,,"""1774988927000_yYpkdLn5o2bkscdMJAVtdLc-qHIA""",,,,,,,,,,,,,,,,,,,,,,,,
31-Mar-2026 11:28PM,,https://x.com/QueenLatifano/status/2039077412844036374,"RT @BizunehNeb2: Urgent humanitarian plea for the world ‼️ Starvation is being used as a weapon of war in Ethiopia, Amhara Region, North wol ...",,Twitter,@queenlatifano,Ethiopia,,English,847,,,,,,,,7.83,Negative,"north wollo bugena district,similar fait,thousand,urgent humanitarian plea,weapon of war,world",Post Type,,6.0,"""2039077412844036374""","""1449960713158635520""",,ሰሊናFano👸🦅,https://x.com/QueenLatifano,አስር ሞት መጣ ቢለው አንዱን ግባ በለው አለ አይዞን ሀቅን ይዞ ጉዞ መጨረሻው ድል ነው ዐማራ አይፈራም አይኮራም 💪💚💛❤ #Fano #Be a Voice for the Voiceless #AmharaGenocide,847.0,315.0,31-Mar-26,11:28 PM,,,,,,,,,,,,,,False,https://x.com/BizunehNeb2/status/2039072230236373292,,"""1774988914000_rX9zndzJ6UCT2Ij29oa3ktXPqe4A""",,,,,,,,,,,,,,,,,,,,,,,,
31-Mar-2026 11:28PM,,https://x.com/QueenLatifano/status/2039077392518414642,RT @BizunehNeb2: Yet another example of Oromuma bestiality nature for the world to see. The fascist and evil regime forces of @AbiyAhmedAli ...,,Twitter,@queenlatifano,Ethiopia,,English,847,,,,,,,,7.83,Negative,"evil regime forces,world",Post Type,,6.0,"""2039077392518414642""","""1449960713158635520""",,ሰሊናFano👸🦅,https://x.com/QueenLatifano,አስር ሞት መጣ ቢለው አንዱን ግባ በለው አለ አይዞን ሀቅን ይዞ ጉዞ መጨረሻው ድል ነው ዐማራ አይፈራም አይኮራም 💪💚💛❤ #Fano #Be a Voice for the Voiceless #AmharaGenocide,847.0,315.0,31-Mar-26,11:28 PM,,,,,,,,,,,,,,False,https://x.com/BizunehNeb2/status/2039072208543424586,,"""1774988909000_TuSovZQt20FHvzUuNr0_UG3B1twA""",,,,,,,,,,,,,,,,,,,,,,,,
31-Mar-2026 11:27PM,,https://x.com/QueenLatifano/status/2039077123806068779,RT @BizunehNeb2: The situation in Ethiopia demands immediate attention. Amhara people are being held in #AmharaConcentrationCamps under hars ...,,Twitter,@queenlatifano,Ethiopia,,English,847,,,,,,,,7.83,Negative,"awareness,harsh conditions,immediate attention,international community",Post Type,,6.0,"""2039077123806068779""","""1449960713158635520""",,ሰሊናFano👸🦅,https://x.com/QueenLatifano,አስር ሞት መጣ ቢለው አንዱን ግባ በለው አለ አይዞን ሀቅን ይዞ ጉዞ መጨረሻው ድል ነው ዐማራ አይፈራም አይኮራም 💪💚💛❤ #Fano #Be a Voice for the Voiceless #AmharaGenocide,847.0,315.0,31-Mar-26,11:27 PM,,,,,,,,,,,,,,False,https://x.com/BizunehNeb2/status/2039076252427116812,,"""1774988845000_fT-NrPpRU5qOH8ybr6bbBrtbLD8A""",,,,,,,,,,,,,,,,,,,,,,,,
31-Mar-2026 11:24PM,,https://x.com/Emnet170205/status/2039076289785598165,RT @AmharaWarUpdate: ⚡️Over 40 regime soldiers killed and 20 injured as Fano seizes Mergech town in Shebel-Berenta Woreda (📍East Gojjam Zone ...,,Twitter,@emnet170205,Unknown,,English,1,,,,,,,,0.01,Negative,"engagement,mergech town,regime soldiers",Post Type,,1.0,"""2039076289785598165""","""2036920975615217664""",,Emnet,https://x.com/Emnet170205,,1.0,27.0,31-Mar-26,11:24 PM,,,,,,,,,,,,,,False,https://x.com/AmharaWarUpdate/status/2037907570531152255,,"""1774988646000_w7sdLYkBBUZ17T001aq43jRprkYA""",,,,,,,,,,,,,,,,,,,,,,,,
31-Mar-2026 11:22PM,,https://x.com/Emnet170205/status/2039075923077546270,"RT @AmharaWarUpdate: ⚡️Public transportation restricted as fuel prioritized for security forces in Debre-Birhan City (📍North Shewa Zone, Amh ...",,Twitter,@emnet170205,Unknown,,English,1,,,,,,,,0.01,Negative,"administrative centers,civilians face,daily activities,economic activities,fuel,humanitarian challenges,limited access to hospitals,nearby rural communities,ongoing fuel shortage,public transportation",Post Type,,1.0,"""2039075923077546270""","""2036920975615217664""",,Emnet,https://x.com/Emnet170205,,1.0,27.0,31-Mar-26,11:22 PM,,,,,,,,,,,,,,False,https://x.com/AmharaWarUpdate/status/2038964528352825455,,"""1774988558000_vxUoeoS-DhPKhMQPYBrh2HKHjmgA""",,,,,,,,,,,,,,,,,,,,,,,,
31-Mar-2026 11:22PM,,https://x.com/Emnet170205/status/2039075896263385092,"RT @AmharaWarUpdate: ⚡️Land seizures, looting, and forced occupation intensify as TPLF forces target Adigolo Kebele in Ofla Woreda (📍Wag-Hem ...",,Twitter,@emnet170205,Unknown,,English,1,,,,,,,,0.01,Negative,"alleged arbitrary detention,casualties,communities to accept,elders,forced occupation intensify,injuries,intimidation,intimidation and persecution,land seizure,local residents",Post Type,,1.0,"""2039075896263385092""","""2036920975615217664""",,Emnet,https://x.com/Emnet170205,,1.0,27.0,31-Mar-26,11:22 PM,,,,,,,,,,,,,,False,https://x.com/AmharaWarUpdate/status/2039055132193644566,,"""1774988552000_-uQKD8Bkc7ARRaFtWrBAeW8JmGUA""",,,,,,,,,,,,,,,,,,,,,,,,
31-Mar-2026 11:22PM,,https://x.com/Emnet170205/status/2039075884942942454,RT @AmharaWarUpdate: ⚡️📖#REPORT: Read our latest summary report highlighting key developments in the ongoing Amhara war in Ethiopia includin ...,,Twitter,@emnet170205,Unknown,,English,1,,,,,,,,0.01,Neutral,"abuses against civilians,battle events and incidents,key developments,latest summary report,ongoing amhara war",Post Type,,,"""2039075884942942454""","""2036920975615217664""",,Emnet,https://x.com/Emnet170205,,1.0,27.0,31-Mar-26,11:22 PM,,,,,,,,,,,,,,False,https://x.com/AmharaWarUpdate/status/2038822356940927201,,"""1774988549000_kTRnCPmFZUSDNzkkA7TFDdQkZD4A""",,,,,,,,,,,,,,,,,,,,,,,,
