"id","created_at","text","url","openmeasures_meta_source_endpoint","openmeasures_metadata_source_endpoint","engagement_likes","engagement_reshares","engagement_dislikes","engagement_replies","engagement_views","openmeasures_media_hash","openmeasures_media_openmeasures_metadata_source_endpoint","openmeasures_media_mimetype","openmeasures_media_thumbnail_hash","context_name","actor_username"
"7059768534779361302","2025-11-04T16:28:57+00:00","ğŸ—³ Alassane Ouattara officiellement rÃ©Ã©lu PrÃ©sident de la CÃ´te d'Ivoire

Le verdict est tombÃ©: le Conseil constitutionnel a officialisÃ© la victoire d'Alassane Ouattara au premier tour du scrutin du 25 octobre 2025, rapporte un correspondant de Sputnik Afrique.

Le chef de lâ€™Ã‰tat sortant obtient 3.759.030 voix, soit 89,77% des suffrages exprimÃ©s.

""Ouattara est sorti vainqueur du premier tour de lâ€™Ã©lection et a Ã©tÃ© rÃ©Ã©lu pour un quatriÃ¨me mandat. Lâ€™examen des procÃ¨s verbaux ne rÃ©vÃ¨le aucune irrÃ©gularitÃ© de nature Ã  entacher la sincÃ©ritÃ© du scrutin ou Ã  affecter le rÃ©sultat"", a dÃ©clarÃ© la prÃ©sidente de l'institution, Chantal Camara, lors de l'annonce des rÃ©sultats. 

La participation sâ€™Ã©tablit Ã  50,10%, selon la Commission Ã©lectorale indÃ©pendante.

ğŸ“Œ En bref:
â¡ï¸ Ã‚gÃ© de 83 ans, Ouattara dirige le pays depuis plus de 14 ans.
â¡ï¸ La Constitution de 2016 lui a permis de se reprÃ©senter.

Score des autres candidats: 
Jean-Louis Billon: 3,09%, 
Simone Ehivet Gbagbo: 2,42%, 
Ahoua Don Mello: 1,97%, 
Henriette Lagou: 1,15%

Abonnez-vous @sputnik_afrique

ğŸ”¸ Sputnik Afrique | X ğŸ”¸","https://t.me/sputnik_afrique/63510","telegram","telegram","","2","","","90","","","","","Sputnik Afrique Officiel",""
"5332691326687313662","2025-11-02T20:55:18+00:00","ğŸ”¢ Laurent NuÃ±ez met en garde contre le Â«bras de ferÂ» avec lâ€™AlgÃ©rie 

ğŸ”¢ Nigeria : Trump menace d'une intervention armÃ©e, Ã©voquant les meurtres de chrÃ©tiens

ğŸ”¢ Roland Lescure dÃ©nonce la Â«sorcellerie fiscaleÂ» du Parlement face aux dÃ©rives du budget 2026

ğŸ”¢ Tom Barrack presse le Liban de dÃ©sarmer le Hezbollah : Â«Le pays nâ€™a plus de tempsÂ»

ğŸ”¢ Gaza: IsraÃ«l finance des milices pour contenir le Hamas

ğŸ”¢ Deux navires civils Ã©trangers endommagÃ©s en mer Noire lors dâ€™une attaque de drones ukrainiens

ğŸ”¢ La GuinÃ©e-Bissau entame une campagne de 21 jours pour les Ã©lections gÃ©nÃ©rales

ğŸ”¢ Accusations de viol au tribunal de Bobigny : deux policiers mis en examen et Ã©crouÃ©s, une vidÃ©o retrouvÃ©e

ğŸ”¢ Crise politique en France : les socialistes Â«ont changÃ© dâ€™allianceÂ», accuse MÃ©lenchon

ğŸ”¢ Sanctions amÃ©ricaines contre Lukoil : la Bulgarie redoute une crise du carburant et une instabilitÃ© politique

ğŸ”¢ Lâ€™AlgÃ©rie sâ€™impose comme une nouvelle destination touristique maghrÃ©bine

ğŸ”¢ Selon The Daily Telegraph, la dette publique du Royaume-Uni a triplÃ© en 20 ans

ğŸ”¢ Budget 2026 : le rapporteur estime Â«hautement probableÂ» que le texte ne soit pas examinÃ© dans les temps

ğŸ”¢ France : sur la base dâ€™une fake news, Sarah Knafo accuse Emmanuel Macron de financer les Africains

ğŸ”¢ France : imbroglio Ã  Montpelier aprÃ¨s lâ€™Ã©vacuation dâ€™un squat sur dÃ©cision de la justice

ğŸ”¢ Sahara occidental : la Russie souligne l'importance du mandat de la Minurso, mais note le manque de transparence

ğŸ”¢ CÃ´te dâ€™Ivoire : la CÃ©dÃ©ao fÃ©licite les Ivoiriens Â«pour le dÃ©roulement pacifiqueÂ» de lâ€™Ã©lection prÃ©sidentielle

ğŸ”¢ France : des sapeurs-pompiers parodient le cambriolage du Louvre pour vendre leur calendrier

RT en franÃ§ais â€¢ Osez questionner !","https://t.me/RTenfrancais/65278","telegram","telegram","","2","","","1499","","","","","RT en franÃ§ais",""
"7153828301382012339","2025-11-01T18:07:46+00:00","ğŸ‡¨ğŸ‡® CÃ´te dâ€™Ivoire : le parti dâ€™opposition appelle Ã  une nouvelle marche de protestation

En CÃ´te dâ€™Ivoire, le parti dâ€™opposition le Parti des peuples africains-CÃ´te dâ€™Ivoire (PPA-CI) a appelÃ© les citoyens Ã  participer Ã  une marche de protestation le 8 novembre. Le communiquÃ© a Ã©tÃ© publiÃ© par le mÃ©dia local IvoirExpress.

ğŸ’¬ Â« Le PPA-CI appelle ses militants, lâ€™ensemble des organisations de la sociÃ©tÃ© civile et tous les dÃ©mocrates ivoiriens Ã  participer Ã  une grande marche pacifique le samedi 8 novembre 2025, afin de protester contre les massacres de populations civiles et dâ€™exiger la libÃ©ration de tous les prisonniers politiques Â», indique le document.

ğŸ”¸ Le parti a Ã©galement affirmÃ© que la rÃ©cente Ã©lection prÃ©sidentielle dans le pays Ã©tait Â« truquÃ©e Â».

ğŸ’¬ Â« Le PPA-CI note avec indignation que lâ€™Ã©lection prÃ©sidentielle [â€¦] sâ€™est plutÃ´t transformÃ©e en un braquage Ã©lectoral orchestrÃ© par le rÃ©gime de monsieur Alassane Ouattara, candidat Ã  un 4Ã¨me mandat anticonstitutionnel Â», souligne le communiquÃ©.

African Initiative | S'abonner ğŸŒ","https://t.me/peuples_De_L_AES/183731","telegram","telegram","","1","","","204","","","","","Peuples de l'AESğŸ‡²ğŸ‡±ğŸ‡§ğŸ‡«ğŸ‡³ğŸ‡ª",""
"6014130734791533130","2025-10-30T11:59:56+00:00","âœˆï¸VOYAGES DE OUATTARA EN FRANCE : PLUS DE 250 DEPUIS 2011 

Alassane Ouattara a effectuÃ© plus de 250 voyages en France depuis 2011 jusquâ€™Ã  ce jour (aoÃ»t 2025). Ces voyages, souvent officiels ou privÃ©s, sont critiquÃ©s pour leur coÃ»t et leur frÃ©quence. Voici une liste chronologique de 37 voyages sur 250, basÃ©e sur les dates connues. 

âŒOctobre 2011 : Voyage officiel pour participer Ã  la 36e session de lâ€™Unesco Ã  Paris, dans le cadre de la reconstruction post-crise Ã©lectorale.

âŒ25-27 janvier 2012 : Visite dâ€™Ã‰tat officielle de trois jours, centrÃ©e sur les accords de dÃ©fense et la coopÃ©ration militaire, marquant la fin des tensions avec Laurent Gbagbo.

âŒ10-11 avril 2013 : Visite officielle pour une rencontre avec le prÃ©sident FranÃ§ois Hollande au Palais de lâ€™Ã‰lysÃ©e, axÃ©e sur la coopÃ©ration franco-ivoirienne (Ã©conomie, sÃ©curitÃ© post-crise). AccompagnÃ© de ministres, discussions sur des partenariats industriels.

âŒAoÃ»t 2013 (autour du 10 aoÃ»t) : SÃ©jour privÃ©, dÃ©part dâ€™Abidjan sans dÃ©tails officiels sur la durÃ©e ou les motifs, potentiellement pour des vacances ou des consultations personnelles.

âŒ4 novembre 2013 : Visite officielle pour Ãªtre admis comme Membre-AssociÃ© de lâ€™AcadÃ©mie des Sciences dâ€™Outre-Mer Ã  Paris, avec une dÃ©coration. Discours sur le rÃ´le de lâ€™Afrique dans les dÃ©cisions globales ; qualifiÃ© de distinction prestigieuse pour Ouattara comme Â« fiertÃ© de lâ€™Afrique Â».

âŒFÃ©vrier 2014 (dÃ©but fÃ©vrier, retour le 27 fÃ©vrier) : SÃ©jour mÃ©dical privÃ© pour une opÃ©ration de la sciatique Ã  lâ€™HÃ´pital AmÃ©ricain de Paris. Apparition publique pour dissiper les rumeurs sur sa santÃ© ; gouvernement ivoirien a confirmÃ© une convalescence rÃ©ussie.

âŒJuillet 2014 (infÃ©rÃ©, autour du 17 juillet) : Possible visite officielle courte, liÃ©e Ã  la rÃ©ciproque de la visite de Hollande Ã  Abidjan (17 juillet), avec des discussions sur le commerce et la sÃ©curitÃ©. Pas de date exacte confirmÃ©e, mais contexte diplomatique intense.

âŒFÃ©vrier 2015 (autour du 7 fÃ©vrier) : Visite officielle pour une confÃ©rence Ã  Paris sur les affaires en Afrique, rÃ©unissant chefs dâ€™Ã‰tat et leaders Ã©conomiques pour discuter de la croissance continentale. Ouattara y a promu des investissements en CÃ´te dâ€™Ivoire.

âŒAoÃ»t 2015 (autour du 12 aoÃ»t) : SÃ©jour privÃ© en France avant un voyage en Italie pour prÃ©sider la Â« JournÃ©e nationale de la CÃ´te dâ€™Ivoire Â» Ã  lâ€™Expo Milan. Motifs non prÃ©cisÃ©s, potentiellement repos ou rencontres informelles.

âŒ4 fÃ©vrier 2016 : Voyage officiel pour une rencontre avec le prÃ©sident FranÃ§ois Hollande, axÃ© sur la coopÃ©ration Ã©conomique et sÃ©curitaire.

âŒ15 mars 2017 : Visite officielle pour une derniÃ¨re rencontre avec FranÃ§ois Hollande avant la fin de son mandat, axÃ©e sur les relations bilatÃ©rales et la sÃ©curitÃ© en Afrique de lâ€™Ouest.

âŒ11 juin 2017 : Visite officielle Ã  lâ€™Ã‰lysÃ©e, premier chef dâ€™Ã‰tat africain reÃ§u par Emmanuel Macron aprÃ¨s son Ã©lection. Discussions sur la coopÃ©ration Ã©conomique, la lutte contre le terrorisme et les investissements franÃ§ais en CÃ´te dâ€™Ivoire.

âŒ31 aoÃ»t 2017 : Visite officielle pour une rencontre avec Macron, focalisÃ©e sur les partenariats sÃ©curitaires et la stabilitÃ© rÃ©gionale (Sahel). Contexte de mutineries en CÃ´te dâ€™Ivoire et de soutien franÃ§ais.

âŒAvril 2018 (autour du 20 avril) : Visite officielle Ã  lâ€™Ã‰lysÃ©e pour une rÃ©union avec Macron, probablement sur des accords Ã©conomiques et la rÃ©forme de la Commission Ã©lectorale ivoirienne.

âŒNovembre 2018 (11 novembre) : Visite officielle pour la commÃ©moration du centenaire de lâ€™Armistice Ã  Paris, avec son Ã©pouse Dominique Ouattara. Participation Ã  des cÃ©rÃ©monies internationales, arrivÃ©e Ã  lâ€™Ã‰lysÃ©e.

âŒNovembre 2018 (12 novembre) : Visite officielle pour des entretiens bilatÃ©raux avec Macron Ã  lâ€™Ã‰lysÃ©e, suite Ã  lâ€™Armistice. ThÃ¨mes : relations franco-ivoiriennes, investissements et stabilitÃ© politique.

âŒFÃ©vrier 2019 (autour du 18 fÃ©vrier) : Visite officielle Ã  Paris pour une rencontre avec Macron sur la monnaie CFA, oÃ¹ Ouattara a dÃ©fendu sa soliditÃ©. Contexte de critiques sur le franc CFA comme relic colonial ; discussions sur des rÃ©formes monÃ©taires.
https://t.me/JOHNNY_PATCHECO","https://t.me/FaireTesRecherches/139850","telegram","telegram","","","","","3","","","","","S'INFORMER SOIT MÃŠME.","NGUES TAPX FLIESğŸª°ğŸ¾ ğŸ¼ğŸ§¸TABB DUCKSğŸ¦† TowerğŸ°â›ï¸LABRğŸ•ğŸ¦‹#CicadağŸPandaFiT"
"4991070701705313453","2025-10-29T07:41:37+00:00","ğŸ¤© Une Ã©lection s'est dÃ©roulÃ©e en CÃ´tÃ© d'Ivoire, avec des enjeux majeurs pour le pays et sa stabilitÃ©. L'opposition rÃ©clame un nouveau scrutin et dÃ©nonce des irrÃ©gularitÃ©s notables. Cette crise met en lumiÃ¨re la fragilitÃ© de la dÃ©mocratie ivoirienne. La polarisation entre le pouvoir et lâ€™opposition est extrÃªme, lâ€™Ã©lection est largement rejetÃ©e par une partie de la population, et les rÃ©sultats contestÃ©s (89,77 %) renforcent les doutes sur la lÃ©gitimitÃ© du scrutin. Pour les observateurs internationaux, la situation pose un dilemme : comment concilier stabilisation politique et respect des normes dÃ©mocratiques dans un pays encore marquÃ© par des violences post-Ã©lectorales (notamment en 2010) ?
https://www.ir-press.ru/fr/2025/10/29/cote-divoire-le-front-commun-ppaâ€‘ci-pdciâ€‘rda-exige-de-nouvelles-elections-apres-un-scrutin-controverse/","https://t.me/internationalreporters/81069","telegram","telegram","","3","","","3469","","","","","International Reporters",""
"6728609286194205808","2025-10-28T09:41:01+00:00","ğŸ‡¨ğŸ‡® Le prÃ©sident sortant de CÃ´te dâ€™Ivoire rÃ©Ã©lu avec 89,77 % des voix

ğŸ”¸ En CÃ´te dâ€™Ivoire, le prÃ©sident sortant Alassane Ouattara a remportÃ© lâ€™Ã©lection prÃ©sidentielle avec 89,77 % des suffrages, a annoncÃ© Ibrahime Coulibaly-Kuibiert, prÃ©sident de la Commission Ã‰lectorale IndÃ©pendante (CEI), lors dâ€™une confÃ©rence de presse Ã  Abidjan.

ğŸ”¸ Le scrutin, tenu le 25 octobre, a enregistrÃ© la participation de 4,29 millions dâ€™Ã©lecteurs sur 8,55 millions inscrits, soit un taux de participation de 50,1 %.

ğŸ”¸ ArrivÃ© en deuxiÃ¨me position, Jean Louis Billon a obtenu 3,09 % des voix et a dÃ©jÃ  fÃ©licitÃ© M. Ouattara pour sa victoire. Il est suivi par Simone Ehivet Gbagbo, ancienne PremiÃ¨re dame (2,48 %), Ahoua Don Mello (1,97 %) et Henriette Lagou (1,15 %).

ğŸ”¸  Les rÃ©sultats sont provisoires et la dÃ©cision finale sera prise par le Conseil constitutionnel dans les prochains jours.

African Initiative | S'abonner ğŸŒ","https://t.me/africaninitiativefr/5232","telegram","telegram","","1","","","144","","","","","African Initiative FR",""
"6014130734791533050","2025-10-28T03:22:49+00:00","Principaux Ã©vÃ©nements dans le monde au soir du 27 octobre

ğŸ”¸ Vladimir Poutine a signÃ© une loi dÃ©nonÃ§ant l'accord de 2001 avec les Ã‰tats-Unis concernant la reconversion du plutonium militaire dÃ©clarÃ© en excÃ¨s en combustible nuclÃ©aire.

ğŸ”¸ Moscou est prÃªt Ã  inviter Washington Ã  nÃ©gocier un document juridiquement contraignant pour prÃ©venir une course aux armements dans l'espace, mais Washington bloque ces discussions, a dÃ©clarÃ© le chef adjoint de la dÃ©lÃ©gation russe, Konstantin Vorontsov, lors d'une rÃ©union de la PremiÃ¨re Commission de l'AssemblÃ©e gÃ©nÃ©rale des Nations unies.

ğŸ”¸ Au Cameroun, Paul Biya a Ã©tÃ© proclamÃ© par le Conseil constitutionnel vainqueur de la prÃ©sidentielle du 12 octobre, avec 53,66% des voix. 

ğŸ”¸ Le PrÃ©sident russe a reÃ§u au Kremlin la ministre nord-corÃ©enne des Affaires Ã©trangÃ¨res. Les relations entre les deux pays ""se dÃ©roulent comme prÃ©vu"", selon Poutine. 

ğŸ”¸ Le sommet du G20 en Afrique du Sud se tiendra, avec ou sans Donald Trump, a dÃ©clarÃ© Ramaphosa en marge du sommet de l'ASEAN en Malaisie. 

ğŸ”¸ En CÃ´te d'Ivoire, le PrÃ©sident en exercice Alassane Ouattara a Ã©tÃ© ""proclamÃ© provisoirement Ã©lu"" avec 89,77% des suffrages, selon la Commission Ã©lectorale indÃ©pendante.

 @grand_reequilibrage","https://t.me/FaireTesRecherches/139770","telegram","telegram","","","","","123","","","","","S'INFORMER SOIT MÃŠME.","NGUES TAPX FLIESğŸª°ğŸ¾ ğŸ¼ğŸ§¸TABB TowerğŸ°â›ï¸LABRğŸ•ğŸ¦‹#CicadağŸPandaFiT"
"7059768534779360835","2025-10-27T20:45:40+00:00","Principaux Ã©vÃ©nements dans le monde au soir du 27 octobre

ğŸ”¸ Vladimir Poutine a signÃ© une loi dÃ©nonÃ§ant l'accord de 2001 avec les Ã‰tats-Unis concernant la reconversion du plutonium militaire dÃ©clarÃ© en excÃ¨s en combustible nuclÃ©aire.

ğŸ”¸ Moscou est prÃªt Ã  inviter Washington Ã  nÃ©gocier un document juridiquement contraignant pour prÃ©venir une course aux armements dans l'espace, mais Washington bloque ces discussions, a dÃ©clarÃ© le chef adjoint de la dÃ©lÃ©gation russe, Konstantin Vorontsov, lors d'une rÃ©union de la PremiÃ¨re Commission de l'AssemblÃ©e gÃ©nÃ©rale des Nations unies.

ğŸ”¸ Au Cameroun, Paul Biya a Ã©tÃ© proclamÃ© par le Conseil constitutionnel vainqueur de la prÃ©sidentielle du 12 octobre, avec 53,66% des voix. 

ğŸ”¸ Le PrÃ©sident russe a reÃ§u au Kremlin la ministre nord-corÃ©enne des Affaires Ã©trangÃ¨res. Les relations entre les deux pays ""se dÃ©roulent comme prÃ©vu"", selon Poutine. 

ğŸ”¸ Le sommet du G20 en Afrique du Sud se tiendra, avec ou sans Donald Trump, a dÃ©clarÃ© Ramaphosa en marge du sommet de l'ASEAN en Malaisie. 

ğŸ”¸ En CÃ´te d'Ivoire, le PrÃ©sident en exercice Alassane Ouattara a Ã©tÃ© ""proclamÃ© provisoirement Ã©lu"" avec 89,77% des suffrages, selon la Commission Ã©lectorale indÃ©pendante.

Abonnez-vous @sputnik_afrique

ğŸ”¸ Sputnik Afrique | X ğŸ”¸","https://t.me/sputnik_afrique/63043","telegram","telegram","","3","","","2113","","","","","Sputnik Afrique Officiel",""
"7059768534779360831","2025-10-27T20:22:59+00:00","""Il faut qu'on prÃ©pare de nouvelles personnes"", mais ""le plus important c'est la paix"": premiÃ¨res rÃ©actions d'Ivoiriens Ã  la rÃ©Ã©lection d'Ouattara

ğŸ—£ï¸""Le PrÃ©sident le mÃ©rite bien parce qu'il fait du bon travail"", a indiquÃ© Mathifa Bonsa, caissiÃ¨re, Ã  Sputnik Afrique. 

ğŸ—£ï¸""Tout ce qu'il a fait pour la CÃ´te d'Ivoire durant ces derniÃ¨res annÃ©es-lÃ , il mÃ©rite vraiment d'Ãªtre Ã©lu encore et encore, jusqu'Ã  la fin des temps, s'il le faut"", ajoute NadÃ¨ge Tiao, chef cuisinier.

ğŸ—£ï¸Â ""C'est dÃ©jÃ  fini parce qu'on n'a pas quelqu'un dessus pour Ãªtre devant nous tous. Il faut qu'on prÃ©pare de nouvelles personnes. On commence Ã  prÃ©parer, d'ici quatre ans, on peut donner"", a dÃ©clarÃ© Ilboudo Richard.

ğŸ—£ï¸""On s'attendait Ã  Ã§a plus ou moins, donc Ã§a ne nous Ã©tonne pas. Mais le plus important, c'est de prÃ©server la paix. C'est tout: la paix. Sans paix, on ne peut rien faire"", insiste Franck Olivier, opÃ©rateur Ã©conomique.

ğŸ‡¨ğŸ‡®La Commission Ã©lectorale indÃ©pendante a dÃ©clarÃ© Alassane Ouattara ""provisoirement Ã©lu"" Ã  la prÃ©sidence aprÃ¨s le premier tour de la prÃ©sidentielle.

Abonnez-vous @sputnik_afrique

ğŸ”¸ Sputnik Afrique | X ğŸ”¸","https://t.me/sputnik_afrique/63039","telegram","telegram","","3","","3","1666","","","","","Sputnik Afrique Officiel",""
"11061926851986328370","2025-10-27T17:54:24+00:00","ğŸ‡¨ğŸ‡®CÃ´te d'Ivoire. 
Election prÃ©sidentielle 2025 en CÃ´te dâ€™Ivoire : Proclamation des rÃ©sultats provisoires du scrutin du 25 octobre 2025.

* Population Ã©lectorale : 8.568.456

* Votants : 4.292.474

* Taux de participation : 50,10%

* Bulletins nuls : 105.156

* Suffrages exprimÃ©s : 4.187.418

* Bulletins blancs : 66.788

- Alassane Ouattara   :  3.759 030 soit  89,77 %

- Ehivet  Simon   Ã‰pouse GBAGBO :  101 238 soit  02,42 %

-  LAGOU Adjoua Henriette :  48 261 soit  1,15 % 

- BILLON Jean Louis EugÃ¨ne :129 493 soit 03,09%

- DON MELO Senin Ahoua  Jacob :    82 508 soit  01,97%

-Source CEI 

#presidentielle2025
#electionci2025
#electionapaisee
#EPR2025","https://t.me/NaimInfo2/2866","telegram","telegram","","5","","","2937","","","","","NaÃ¯m Infos 2",""
"5332691326687313142","2025-10-27T08:40:04+00:00","ğŸ“¢ ğŸ‡¨ğŸ‡® PrÃ©sidentielle en CÃ´te dâ€™Ivoire

Selon la Commission Ã©lectorale indÃ©pendante (CEI), le prÃ©sident sortant Alassane Ouattara recueille plus de 85 % des suffrages Ã  lâ€™Ã©lection prÃ©sidentielle ivoirienne, marquÃ©e par une faible participation et le boycott dâ€™une partie de lâ€™Ã©lectorat.

Ouattara a obtenu 23 859 voix, contre 1,5 % pour lâ€™ex-premiÃ¨re dame Simone Gbagbo, dâ€™aprÃ¨s les rÃ©sultats partiels annoncÃ©s dimanche Ã  Abidjan. Les observateurs ont saluÃ© un scrutin paisible, mais de nombreux habitants ont dÃ©plorÃ© lâ€™absence dâ€™Ã©lecteurs dans les bureaux de vote, attribuant cette situation Ã  lâ€™exclusion de figures majeures de lâ€™opposition, dont Laurent Gbagbo et Tidjane Thiam.

RT en franÃ§ais â€¢ Osez questionner !","https://t.me/RTenfrancais/64758","telegram","telegram","","5","","6","2151","","","","","RT en franÃ§ais",""
"7510051063551009345","2025-10-27T07:49:13+00:00","ğŸ‡¨ğŸ‡®  PrÃ©sidentielle ivoirienne : Alassane #Ouattara sur le point dâ€™entamer un quatriÃ¨me mandat

Les rÃ©sultats finaux de la prÃ©sidentielle sont attendus le 27 octobre en CÃ´te d'Ivoire. Les premiers scores Ã©grenÃ©s par la Commission Ã©lectorale laissent prÃ©sager une Ã©crasante victoire d'Alassane Ouattara qui pourrait, Ã  83 ans, entamer un quatriÃ¨me mandat. 

Dans le nord du pays, rÃ©gion Ã  dominante malinkÃ©, l'ethnie du chef de l'Ã‰tat, sa victoire semble nette avec 98,44% des voix Ã  SÃ©guela, 99,7% Ã  Kani ainsi que dans son fief de Kong, 98,1% Ã  Ferkessedougou ou encore 97,8% Ã  SinÃ©matiali.

RT en franÃ§ais","https://t.me/UNION_LIBERTE_AFRICAINE_TV/41537","telegram","telegram","","1","","","1502","","","","","ğŸŒUNION LIBERTÃ‰ AFRICAINE âœŠğŸ¿ğŸ’ªğŸ¿ğŸŒâœ¨ï¸ï¸","Badoun L."
"5332691326687313137","2025-10-27T07:15:14+00:00","ğŸ‡¨ğŸ‡®  PrÃ©sidentielle ivoirienne : Alassane #Ouattara sur le point dâ€™entamer un quatriÃ¨me mandat

Les rÃ©sultats finaux de la prÃ©sidentielle sont attendus le 27 octobre en CÃ´te d'Ivoire. Les premiers scores Ã©grenÃ©s par la Commission Ã©lectorale laissent prÃ©sager une Ã©crasante victoire d'Alassane Ouattara qui pourrait, Ã  83 ans, entamer un quatriÃ¨me mandat. 

Dans le nord du pays, rÃ©gion Ã  dominante malinkÃ©, l'ethnie du chef de l'Ã‰tat, sa victoire semble nette avec 98,44% des voix Ã  SÃ©guela, 99,7% Ã  Kani ainsi que dans son fief de Kong, 98,1% Ã  Ferkessedougou ou encore 97,8% Ã  SinÃ©matiali.

RT en franÃ§ais â€¢ Osez questionner !","https://t.me/RTenfrancais/64753","telegram","telegram","","4","","1","2109","","","","","RT en franÃ§ais",""
"11061926851986328331","2025-10-26T20:09:07+00:00","CommuniquÃ© officiel 

Abidjan, le 26 octobre 2025

Ivoiriennes, Ivoiriens,
Populations vivant en CÃ´te d'Ivoire,
Je tiens, ce jour, 26 octobre 2026, Ã  adresser mes fÃ©licitations rÃ©publicaines au PrÃ©sident de la RÃ©publique, Alassane Ouattara, pour sa victoire annoncÃ©e par les premiers rÃ©sultats que nous avons collectÃ©s.

Je salue Ã©galement lâ€™ensemble des candidats pour leur participation Ã  ce processus Ã©lectoral et pour la vitalitÃ© dÃ©mocratique que chacun, Ã  sa maniÃ¨re, a contribuÃ© Ã  faire vivre.

Ã€ toutes celles et ceux qui mâ€™ont accordÃ© leur confiance, je veux exprimer ma profonde gratitude. Votre engagement, votre Ã©nergie et votre foi en une CÃ´te dâ€™Ivoire plus juste et plus prospÃ¨re resteront le moteur de mon action.

Je n'oublie toutes ces femmes et ces hommes qui ont travaillÃ© Ã  mes cÃ´tÃ©s pendant toutes ces longues semaines pour tenter de faire aboutir notre projet.

Maintenant, la page qui sâ€™ouvre doit Ãªtre celle du rassemblement, de lâ€™union et du travail collectif pour notre Nation.

Que vive la CÃ´te dâ€™Ivoire,
dans la paix, la dignitÃ© et lâ€™espÃ©rance.

Jean-Louis Billon

Via Konan Justice.","https://t.me/NaimInfo2/2827","telegram","telegram","","","","","1979","","","","","NaÃ¯m Infos 2",""
"11061926851986328329","2025-10-26T19:42:16+00:00","ğŸ‡¨ğŸ‡® CÃ´te d'Ivoire. PrÃ©sidentielle 2025. Le Candidat Jean Louis Billon a appelÃ©  le Candidat Alassane OUATTARA pour le FÃ©liciter.

-Aminata 24","https://t.me/NaimInfo2/2825","telegram","telegram","","1","","","2276","","","","","NaÃ¯m Infos 2",""
"7510051063551009334","2025-10-26T19:04:55+00:00","CÃ´te d'Ivoire: RÃ©sultats - prÃ©sidentielle 2025: DÃ©partement de Kounayiri: Nombre de votants 14 213. Alassane Ouattara obtient 16 630. ğŸ¤£ğŸ¤£ğŸ¤£

https://t.me/JOHNNY_PATCHECO","https://t.me/UNION_LIBERTE_AFRICAINE_TV/41526","telegram","telegram","","1","","","696","","","","","ğŸŒUNION LIBERTÃ‰ AFRICAINE âœŠğŸ¿ğŸ’ªğŸ¿ğŸŒâœ¨ï¸ï¸",""
"7153828301382010190","2025-10-26T18:10:35+00:00","ğŸ‡¨ğŸ‡®CÃ´te d'Ivoire: RÃ©sultats - prÃ©sidentielle 2025: DÃ©partement de Kounayiri: Nombre de votants 14 213. Alassane Ouattara obtient 16 630. ğŸ¤£ğŸ¤£ğŸ¤£","https://t.me/peuples_De_L_AES/181582","telegram","telegram","","13","","17","1825","","","","","Peuples de l'AESğŸ‡²ğŸ‡±ğŸ‡§ğŸ‡«ğŸ‡³ğŸ‡ª",""
"5437653287950112862","2025-10-26T18:10:32+00:00","ğŸ‡¨ğŸ‡®CÃ´te d'Ivoire: RÃ©sultats - prÃ©sidentielle 2025: DÃ©partement de Kounayiri: Nombre de votants 14 213. Alassane Ouattara obtient 16 630. ğŸ¤£ğŸ¤£ğŸ¤£","https://t.me/Strategiescontinentales/22622","telegram","telegram","","13","","17","1974","","","","","StratÃ©gies Continentales",""
"11061926851986328322","2025-10-26T14:03:52+00:00","ğŸ‡¨ğŸ‡® Ã‰lections CÃ´te d'Ivoire 

Alassane OUATTARA raffle tout dans le nord.

Alassane Ouattara fait le plein des voix dans son fief du nord. Dans le dÃ©partement de Tengrela, sur la base du PV de la commission Ã©lectorale authentifiÃ©, le candidat Ouattara obtient 98,92% des suffrages, pour un taux de participation de 95,63%.
Il est suivi dans l'ordre par Jean-Louis BILLON, Simone Gbagbo, Ahoua DON MELLO et LAGOU Adjoua Henriette. Aucun des 4 candidats de l'opposition n'a atteint 1% des voix exprimÃ©s, dans le dÃ©partement de Tengrela. 

Dans la sous-prÃ©fecture de Kolia, toujours dans le nord, le prÃ©sident sortant obtient 99,79% pour un taux de participation de 99,58%.
Selon les observateurs, ces rÃ©sultats reflÃ¨tent la tendace gÃ©nÃ©rale dans cette partie du pays.

De l'avis des analystes, la forte affluence dans le septentrion devrait tirer le taux de participation au niveau national, en comblant la mobilisation moyenne des Ã©lecteurs dans certaines localitÃ©s du sud.

Ce qui est vrai, est vrai !

De SaÃ¯d Penda , Africa News.","https://t.me/NaimInfo2/2818","telegram","telegram","","2","","","3973","","","","","NaÃ¯m Infos 2",""
"7153828301382010063","2025-10-26T13:45:33+00:00","PUBLIER POUR CHRIS YAPI 


Ã‰LECTIONS 2025 : TAUX DE PARTICIPATION 8 %.
ALASSANE QUATTARA EN COLÃˆRE FULMINE !

LA TENTATIVE DE COUP Dâ€™Ã‰TAT FINIRA DANS LA TRAGÃ‰DIE.

Lien de partage du post :
https://www.youtube.com/post/UgkxKud7...

Le vieux gri gou ne dÃ©colÃ¨re plus !
Ce 25 octobre 2025,les urnes sont restÃ©es muettes. Ã€ peine 8 % de taux de participation ! Le peuple ivoirien a tout simplement boudÃ© la mascarade. Il a dit non au 4e mandat.

Cette tentative de coup dâ€™Ã©tat civil se terminera dans lâ€™horreur et la tragÃ©die. Comme on dit en chez nous en CÃ´te dâ€™Ivoire : Â« tout prÃ¨s nâ€™est pas loin Â».

CHRIS YAPI NE MENT PAS.","https://t.me/peuples_De_L_AES/181455","telegram","telegram","","3","","","1029","","","","","Peuples de l'AESğŸ‡²ğŸ‡±ğŸ‡§ğŸ‡«ğŸ‡³ğŸ‡ª",""
"7153828301382010061","2025-10-26T13:45:33+00:00","PUBLIER POUR CHRIS YAPI 


ALASSANE OUATTARA TRAITE LES IVOIRIENS DE Â« CHIENS Â» : QUAND LE DICTATEUR ABOIE, LE PEUPLE PASSE !

Lien de partage du post :
https://www.youtube.com/post/UgkxGR6t...

Le masque est tombÃ©. Le vieil homme, autrefois vÃªtu du costume de technocrate poli, a laissÃ© parler le tyran intÃ©rieur.
Au cours de son meeting de clÃ´ture, Alassane Ouattara a franchi le Rubicon de lâ€™indignitÃ© :

> Â« Les chiens aboient et la caravane passe. Je demande Ã  mes militants dâ€™Ãªtre vigilants dans les quartiers et de dÃ©noncer les chiens qui veulent semer le dÃ©sordre. Â»



Ainsi donc, le dictateur â€” vient dâ€™insulter publiquement son propre peuple.
Les Ivoiriens qui manifestent pacifiquement contre son quatriÃ¨me mandat illÃ©gal,
les citoyens qui refusent la prÃ©sidence Ã  vie,
les femmes et les jeunes qui osent dire non Ã  la tyrannie,
tous deviennent Ã  ses yeuxâ€¦ des chiens.

Quelle arrogance ! Quelle bassesse !
Un homme de 84 ans, qui aurait pu inspirer la sagesse, prÃ©fÃ¨re aboyer sa haine du haut dâ€™une estrade, entourÃ© dâ€™une meute dâ€™apparatchiks repus.

Ã€ ce degrÃ© de mÃ©pris, on ne gouverne plus : on rÃ¨gne dans la peur.
Et quand un chef dâ€™Ã‰tat se met Ã  traiter ses concitoyens dâ€™animaux, câ€™est quâ€™il a dÃ©jÃ  perdu la bataille morale.

Oui, Alassane Ouattara a peur parce quâ€™il sent la terre trembler sous ses pieds.
Il sent monter cette colÃ¨re quâ€™aucune propagande ne peut plus Ã©touffer.
Alors, il insulte. Il dÃ©nigre. Il vocifÃ¨re.
Il appelle ses militants Ã  Â« dÃ©noncer Â» leurs voisins, leurs amis, leurs frÃ¨res â€” comme au plus sombre des temps.

Mais le peuple ivoirien, lui, ne rampe pas. Il se dresse.

Tu parles de vigilance dans les quartiers ?
Les Ivoiriens seront vigilants, en effet â€” mais contre toi.
Contre ton systÃ¨me de corruption, contre tes Ã©lections truquÃ©es, contre ton quatriÃ¨me mandat de trop.
Ils te surveilleront, non pas par peur, mais par luciditÃ©.
Et ils te feront rendre compte, tÃ´t ou tard, de tout ce que tu as volÃ©, dÃ©truit, piÃ©tinÃ©.

Aujourdâ€™hui, Alassane Ouattara a commis lâ€™irrÃ©parable :
il a brisÃ© le dernier lien moral entre un chef dâ€™Ã‰tat et son peuple.
Un prÃ©sident qui insulte la nation quâ€™il prÃ©tend diriger ne mÃ©rite plus obÃ©issance.
Il ne reste plus que la rÃ©volte â€” digne, pacifique, mais implacable.
Et cette rÃ©volte gronde dÃ©jÃ  dans les rues, dans les cÅ“urs, dans les consciences.

Quâ€™il mÃ©dite ceci : le peuple est comme la mer.
On peut lui jeter des pierres, mais jamais lâ€™empÃªcher de monter.

La CÃ´te dâ€™Ivoire nâ€™est pas une meute, mais une nation.
Une nation blessÃ©e, humiliÃ©e, mais debout.
Et ce peuple, quâ€™on appelle aujourdâ€™hui Â« chien Â», sera demain celui qui aboiera la libertÃ© sur les ruines de la tyrannie.

Car au bout du compte, ce nâ€™est pas la caravane du mensonge qui passe â€”
câ€™est le cortÃ¨ge de lâ€™Histoire.
Et dans cette Histoire, le nom dâ€™Alassane Ouattara ne sera plus prononcÃ© quâ€™avec honte et colÃ¨re.

Oui, les chiens du peuple aboient.
Mais cette fois, la caravane du dictateur ne passera pas.

CHRIS YAPI NE MENT PAS.","https://t.me/peuples_De_L_AES/181453","telegram","telegram","","2","","","993","","","","","Peuples de l'AESğŸ‡²ğŸ‡±ğŸ‡§ğŸ‡«ğŸ‡³ğŸ‡ª",""
"7059768534779360720","2025-10-26T08:55:22+00:00","â–¶ï¸ PrÃ©sidentielle en CÃ´te d'Ivoire: l'heure au dÃ©compte 

ğŸ“ Un correspondant de Sputnik Afrique sâ€™est rendu dans un bureau de vote de la commune de Yopougon, dans le district dâ€™Abidjan, pour assister au dÃ©pouillement.

ğŸ—³Sur place, les membres de la Commission Ã©lectorale ont entamÃ© le dÃ©compte peu aprÃ¨s la fermeture officielle des bureaux de vote, sous le regard des reprÃ©sentants des candidats et des observateurs.

ğŸ’¬ D'aprÃ¨s Assoumou TiemelÃ© Patrick, prÃ©sident de bureau de vote â„–4 de Yopougon, le taux de participation sâ€™est Ã©tabli Ã  20%: sur 416 Ã©lecteurs inscrits, 85 ont votÃ©.

ğŸ’¬ Le dÃ©comptage s'est dÃ©roulÃ© ""de faÃ§on trÃ¨s calme"", indique Ã  Sputnik Afrique Doumbia Aboulaye, inspecteur de l'enseignement Ã  la retraite, prÃ©sent sur les lieux.

ğŸ’¬ ""Il n'y a pas eu de problÃ¨me, tous les votants ont pu voter sans difficultÃ©"", a soulignÃ© Dosso Kouassi, reprÃ©sentant du RHDP, Ã©galement prÃ©sent lors du dÃ©compte.

Abonnez-vous @sputnik_afrique

ğŸ”¸ Sputnik Afrique | X ğŸ”¸","https://t.me/sputnik_afrique/62928","telegram","telegram","","2","","","1226","","","","","Sputnik Afrique Officiel",""
"7153828301382009869","2025-10-25T19:07:03+00:00","ğŸ‡¨ğŸ‡® CÃ”TE Dâ€™IVOIRE â€“ UNE Ã‰LECTION SOUS TENSION ET MÃ‰FIANCE GÃ‰NÃ‰RALE

La prÃ©sidentielle du 25 octobre 2025 sâ€™est dÃ©roulÃ©e dans un contexte contrastÃ©. Si certaines rÃ©gions ont connu un dÃ©roulement normal du vote, dâ€™autres ont Ã©tÃ© marquÃ©es par des incidents graves. TrÃ¨s peu dâ€™engouement dans les urnes, des quartiers silencieux, et des tÃ©moins parlent dâ€™une vÃ©ritable â€œville morteâ€ Ã  Abidjan comme Ã  lâ€™intÃ©rieur du pays.

Dans plusieurs localitÃ©s , Dabou, Gagnoa, Nouvel-Ousrou , des manifestations ont Ã©clatÃ© et la journÃ©e a tournÃ© Ã  la violence : urnes brÃ»lÃ©es, centres de vote saccagÃ©s, tirs Ã  balles rÃ©elles. Un jeune blessÃ© par balle a Ã©tÃ© signalÃ© Ã  Dabou. Des affrontements entre civils et forces de sÃ©curitÃ© ont Ã©galement Ã©tÃ© rapportÃ©s, confirmant la tension extrÃªme qui a marquÃ© la journÃ©e.

La veille du scrutin, une polÃ©mique Ã©clatait dÃ©jÃ  : le mÃ©dia Abidjan.net, rÃ©putÃ© proche du RHDP, avait laissÃ© fuiter des rÃ©sultats supposÃ©s avant mÃªme lâ€™ouverture des bureaux. Lâ€™incident a Ã©tÃ© formellement dÃ©menti par la Commission Ã©lectorale indÃ©pendante (CEI), mais a entamÃ© davantage la confiance des Ã©lecteurs.

Entre mÃ©fiance, peur et colÃ¨re, cette Ã©lection laisse un goÃ»t amer, et les regards se tournent dÃ©sormais vers la publication officielle des rÃ©sultats, redoutÃ©e par beaucoup.

#CÃ´tedIvoire #Election2025 #CriseIvoirienne #SCAK
#Strategiescontinentales
âœï¸Le StratÃ¨ge (StratÃ©gies Continentales)
https://t.me/Strategiescontinentales","https://t.me/peuples_De_L_AES/181261","telegram","telegram","","4","","8","1581","","","","","Peuples de l'AESğŸ‡²ğŸ‡±ğŸ‡§ğŸ‡«ğŸ‡³ğŸ‡ª",""
"5437653287950112842","2025-10-25T19:07:00+00:00","ğŸ‡¨ğŸ‡® CÃ”TE Dâ€™IVOIRE â€“ UNE Ã‰LECTION SOUS TENSION ET MÃ‰FIANCE GÃ‰NÃ‰RALE

La prÃ©sidentielle du 25 octobre 2025 sâ€™est dÃ©roulÃ©e dans un contexte contrastÃ©. Si certaines rÃ©gions ont connu un dÃ©roulement normal du vote, dâ€™autres ont Ã©tÃ© marquÃ©es par des incidents graves. TrÃ¨s peu dâ€™engouement dans les urnes, des quartiers silencieux, et des tÃ©moins parlent dâ€™une vÃ©ritable â€œville morteâ€ Ã  Abidjan comme Ã  lâ€™intÃ©rieur du pays.

Dans plusieurs localitÃ©s , Dabou, Gagnoa, Nouvel-Ousrou , des manifestations ont Ã©clatÃ© et la journÃ©e a tournÃ© Ã  la violence : urnes brÃ»lÃ©es, centres de vote saccagÃ©s, tirs Ã  balles rÃ©elles. Un jeune blessÃ© par balle a Ã©tÃ© signalÃ© Ã  Dabou. Des affrontements entre civils et forces de sÃ©curitÃ© ont Ã©galement Ã©tÃ© rapportÃ©s, confirmant la tension extrÃªme qui a marquÃ© la journÃ©e.

La veille du scrutin, une polÃ©mique Ã©clatait dÃ©jÃ  : le mÃ©dia Abidjan.net, rÃ©putÃ© proche du RHDP, avait laissÃ© fuiter des rÃ©sultats supposÃ©s avant mÃªme lâ€™ouverture des bureaux. Lâ€™incident a Ã©tÃ© formellement dÃ©menti par la Commission Ã©lectorale indÃ©pendante (CEI), mais a entamÃ© davantage la confiance des Ã©lecteurs.

Entre mÃ©fiance, peur et colÃ¨re, cette Ã©lection laisse un goÃ»t amer, et les regards se tournent dÃ©sormais vers la publication officielle des rÃ©sultats, redoutÃ©e par beaucoup.

#CÃ´tedIvoire #Election2025 #CriseIvoirienne #SCAK
#Strategiescontinentales
âœï¸Le StratÃ¨ge (StratÃ©gies Continentales)
https://t.me/Strategiescontinentales","https://t.me/Strategiescontinentales/22602","telegram","telegram","","4","","8","1815","","","","","StratÃ©gies Continentales",""
"11061926851986328301","2025-10-25T13:03:06+00:00","ğŸ‡¨ğŸ‡®Ã‰lections en CÃ´te d'Ivoire. 
Le Couple prÃ©sidentiel a votÃ© ainsi que l'ex premiÃ¨re dame et candidate Ã  ces Ã©lections, Simone Gbagbo. Tout se passe bien et les votes se poursuivent jusqu'Ã  18h.

Vive la CÃ´te d'Ivoire 
ğŸ’šğŸ¤ğŸ§¡","https://t.me/NaimInfo2/2797","telegram","telegram","","4","","","3138","","","","","NaÃ¯m Infos 2",""
"7059768534779360671","2025-10-25T12:29:06+00:00","â–¶ï¸ ""Un jour important pour toute la CÃ´te d'Ivoire, pour tous les Ivoiriens"": Alassane Ouattara a votÃ© au 1er tour de la prÃ©sidentielle

Le PrÃ©sident sortant sâ€™est rendu au bureau de vote Ã  l'Ã©cole Sainte-Marie de Cocody, selon les images captÃ©es par une correspondante de Sputnik Afrique.

""Je constate avec cette Ã©lection que la paix est revenue, que les uns et les autres sont sortis pour voter, et je voudrais les remercier"", a-t-il ajoutÃ©.

ğŸ—³ PrÃ¨s de 9 millions dâ€™Ivoiriens sont appelÃ©s aux urnes ce 25 octobre pour Ã©lire leur PrÃ©sident parmi 5 candidats.

Abonnez-vous @sputnik_afrique

ğŸ”¸ Sputnik Afrique | X ğŸ”¸","https://t.me/sputnik_afrique/62879","telegram","telegram","","2","","","946","","","","","Sputnik Afrique Officiel",""
"7059768534779360649","2025-10-24T19:50:22+00:00","Principaux Ã©vÃ©nements dans le monde au soir du 24 octobre

ğŸ”¸ Au BÃ©nin, le candidature de lâ€™opposant Renaud Agbodjo a Ã©tÃ© rejetÃ©e par la Commission Ã©lectorale nationale autonome pour manque de parrainages valides. 

ğŸ”¸ La Russie va continuer d'expliquer sa position sur la crise ukrainienne aux autoritÃ©s amÃ©ricaines, a dÃ©clarÃ© l'envoyÃ© spÃ©cial de Poutine Kirill Dmitriev en visite aux Etats-Unis.

ğŸ”¸ Laurent Gbagbo, exclu de la prÃ©sidentielle ivoirienne, a annoncÃ© une prochaine visite aux pays de l'AES pour ""rÃ©tablir les bases fraternelles"" avec ces pays.

ğŸ”¸ La 36e Ã©dition du Tour du Faso a dÃ©marrÃ© Ã  Ouagadougou avec la participation de 12 Ã©quipes venues de 10 pays.

ğŸ”¸ L'armÃ©e russe a pris le contrÃ´le de trois autres localitÃ©s dans la zone de l'opÃ©ration en Ukraine, selon la DÃ©fense.

Abonnez-vous @sputnik_afrique

ğŸ”¸ Sputnik Afrique | X ğŸ”¸","https://t.me/sputnik_afrique/62857","telegram","telegram","","1","","","1571","","","","","Sputnik Afrique Officiel",""
"7153828301382009235","2025-10-23T19:18:39+00:00","ğŸ‡¨ğŸ‡® Lâ€™ex-prÃ©sident de la CÃ´te dâ€™Ivoire qualifie lâ€™Ã©lection du 25 octobre de Â« coup dâ€™Ã‰tat civil Â»

Lâ€™ex-prÃ©sident de la CÃ´te dâ€™Ivoire Laurent Gbagbo a qualifiÃ© la prochaine Ã©lection prÃ©sidentielle du 25 octobre de Â« coup dâ€™Ã‰tat civil Â» dans le pays. Le politicien ivoirien sâ€™est exprimÃ© Ã  ce sujet lors dâ€™un entretien avec le journaliste Alain Foka, le 22 octobre.

ğŸ’¬ Â« Ce qui va se faire le 25 octobre, ce nâ€™est pas une Ã©lection, câ€™est un coup dâ€™Etat civil, câ€™est un braquage Ã©lectoral [â€¦] en Afrique, il y a des putschs civils qui sont souvent Ã  la base de personnes qui ne respectent pas la Constitution Â», a dÃ©clarÃ© M. Gbagbo.

ğŸ”¸ En septembre, le Conseil constitutionnel de CÃ´te dâ€™Ivoire a Ã©cartÃ© la candidature de Laurent Gbagbo, la jugeant Â« irrecevable Â».

ğŸ’¬ Â« Ceux qui peuvent gagner lâ€™Ã©lection [â€¦] ont Ã©tÃ© Ã©cartÃ©s, et je nâ€™accepte pas Ã§a Â», a ajoutÃ© lâ€™ex-prÃ©sident.

Il a Ã©galement affirmÃ© ne pas appeler les citoyens Ã  voter pour aucun des candidats et a exprimÃ© son soutien aux Ivoiriens participant aux manifestations contre la candidature du prÃ©sident sortant Alassane Ouattara pour un quatriÃ¨me mandat.

African Initiative | S'abonner ğŸŒ","https://t.me/peuples_De_L_AES/180627","telegram","telegram","","3","","","164","","","","","Peuples de l'AESğŸ‡²ğŸ‡±ğŸ‡§ğŸ‡«ğŸ‡³ğŸ‡ª",""
"6728609286194205756","2025-10-23T19:09:58+00:00","ğŸ‡¨ğŸ‡® Lâ€™ex-prÃ©sident de la CÃ´te dâ€™Ivoire qualifie lâ€™Ã©lection du 25 octobre de Â« coup dâ€™Ã‰tat civil Â»

Lâ€™ex-prÃ©sident de la CÃ´te dâ€™Ivoire Laurent Gbagbo a qualifiÃ© la prochaine Ã©lection prÃ©sidentielle du 25 octobre de Â« coup dâ€™Ã‰tat civil Â» dans le pays. Le politicien ivoirien sâ€™est exprimÃ© Ã  ce sujet lors dâ€™un entretien avec le journaliste Alain Foka, le 22 octobre.

ğŸ’¬ Â« Ce qui va se faire le 25 octobre, ce nâ€™est pas une Ã©lection, câ€™est un coup dâ€™Etat civil, câ€™est un braquage Ã©lectoral [â€¦] en Afrique, il y a des putschs civils qui sont souvent Ã  la base de personnes qui ne respectent pas la Constitution Â», a dÃ©clarÃ© M. Gbagbo.

ğŸ”¸ En septembre, le Conseil constitutionnel de CÃ´te dâ€™Ivoire a Ã©cartÃ© la candidature de Laurent Gbagbo, la jugeant Â« irrecevable Â».

ğŸ’¬ Â« Ceux qui peuvent gagner lâ€™Ã©lection [â€¦] ont Ã©tÃ© Ã©cartÃ©s, et je nâ€™accepte pas Ã§a Â», a ajoutÃ© lâ€™ex-prÃ©sident.

Il a Ã©galement affirmÃ© ne pas appeler les citoyens Ã  voter pour aucun des candidats et a exprimÃ© son soutien aux Ivoiriens participant aux manifestations contre la candidature du prÃ©sident sortant Alassane Ouattara pour un quatriÃ¨me mandat.

African Initiative | S'abonner ğŸŒ","https://t.me/africaninitiativefr/5180","telegram","telegram","","2","","","150","","","","","African Initiative FR",""
"5332691326687312908","2025-10-23T18:20:21+00:00","ğŸ‡¨ğŸ‡® L'ancien prÃ©sident de la CÃ´te d'Ivoire, Laurent #Gbagbo, a dÃ©clarÃ© dans une interview qu'il avait l'intention de se rendre dans les pays de l'Alliance des Ã‰tats du Sahel (#AES) aprÃ¨s les Ã©lections prÃ©sidentielles en CÃ´te d'Ivoire, qui auront lieu le 25 octobre.

RT en franÃ§ais â€¢ Osez questionner !","https://t.me/RTenfrancais/64524","telegram","telegram","","4","","1","1398","","","","","RT en franÃ§ais",""
"7153828301382009087","2025-10-23T10:33:21+00:00","ğŸ‡¨ğŸ‡®CISSÃ‰ BACONGO ( SecrÃ©taire ExÃ©cutif du RHDP) :

"" Il y a un qui sâ€™est rÃ©veillÃ© aujourd'hui. Je crois que le rÃ©veil a Ã©tÃ© bon pour lui. Laurent Gbagbo dit quâ€™aprÃ¨s cette Ã©lection, il met un terme Ã  sa vie politique. Je dis allÃ©luia, Ã§a nâ€™avait que trop durÃ©. Parce que depuis quâ€™il est arrivÃ© sur la scÃ¨ne politique, la violence a commencÃ©. 

En 1990, il a traitÃ© HouphouÃ«t-Boigny de voleur. Il disait quâ€™il avait plusieurs gouvernements qui pouvaient se succÃ©der Ã  la tÃªte de ce pays. Il nâ€™avait jamais dirigÃ© un poulailler et il disait quâ€™il pouvait diriger la CÃ´te dâ€™Ivoire. Il a parlÃ© et Dieu lâ€™a mis Ã  lâ€™Ã©preuve. En 2000, il lui a fallu seulement quelques semaines pour quâ€™il monte ses carences. En 2002, la CÃ´te d'Ivoire a connu sa premiÃ¨re rÃ©bellion. Ã‡a veut dire quâ€™il a Ã©chouÃ©. 

Il ne pouvait pas gagner, ce nâ€™est pas possible. Lui son nom rime avec la violence physique comme verbale. Quand il dit quâ€™il va se retirer, on dit allÃ©luia. Que Dieu soit louÃ©. Et comme il ne changera jamais, il dit quâ€™il soutient les manifestations qui ont eu lieu ces jours-ci. Il y a eu deux morts, donc il est comptable de ces deux morts. Il dit que lâ€™Ã©lection qui va avoir lieu, le 25 octobre est un braquage.

Cette Ã©lection se tiendra dans la fÃªte. Laurent Gbagbo qui part Ã  la retraite, pour nous Ã§a nâ€™avait que trop tardÃ© ""


https://t.me/JOHNNY_PATCHECO/7624","https://t.me/peuples_De_L_AES/180479","telegram","telegram","","3","","1","988","","","","","Peuples de l'AESğŸ‡²ğŸ‡±ğŸ‡§ğŸ‡«ğŸ‡³ğŸ‡ª",""
"7059768534779360540","2025-10-23T08:31:35+00:00","Un ""coup dâ€™Ã‰tat civil"": Laurent Gbagbo fustige la prÃ©sidentielle de 2025 en CÃ´te d'Ivoire

ğŸ‡¨ğŸ‡® Lâ€™ex-PrÃ©sident ivoirien a dÃ©noncÃ© cette Ã©lection du 25 octobre comme un ""braquage Ã©lectoral"", dans une rÃ©cente interview. 

Il conteste lâ€™exclusion de sa candidature et celle de Tidjane Thiam, prÃ©sident du PDCI-RDA, estimant que la condamnation pour le prÃ©tendu braquage de la Banque centrale des Ã‰tats de l'Afrique de l'Ouest (BCEAO), invoquÃ©e pour lâ€™Ã©carter, est infondÃ©e. En effet, la BCEAO ""nâ€™a jamais portÃ© plainte"".  

ğŸ—£""Les favoris ont Ã©tÃ© Ã©liminÃ©s"", affirme M. Gbagbo, refusant dâ€™appeler Ã  voter pour un quelconque candidat.

Il critique Ã©galement lâ€™arrestation de manifestants, soutient ceux qui protestent contre ce quâ€™il considÃ¨re comme une fraude Ã©lectorale, et dÃ©nonce un recul des libertÃ©s. 

ğŸ‘†ğŸ½Le candidat Ahoua Don Mello, vice-prÃ©sident de lâ€™Alliance des BRICS, agit sans lâ€™aval de son parti, le PPA-CI, prÃ©cise-t-il. 

AprÃ¨s les lÃ©gislatives de dÃ©cembre 2025, Laurent Gbagbo prÃ©voit de quitter, Ã  81 ans, la prÃ©sidence du PPA-CI lors dâ€™un congrÃ¨s, afin de se retirer de la direction du parti.

Abonnez-vous @sputnik_afrique

ğŸ”¸ Sputnik Afrique | X ğŸ”¸","https://t.me/sputnik_afrique/62748","telegram","telegram","","3","","","1098","","","","","Sputnik Afrique Officiel",""
"7510051063551009000","2025-10-22T18:11:16+00:00","Interview exclusive du prÃ©sident Laurent GBAGBO sur AFOMEDIA avec Alain foka 

[Gbagbo : ce nâ€™est pas une Ã©lection, câ€™est un coup dâ€™Ã©tat civil, un braquage Ã©lectoral]
Gbagbo sort de sa rÃ©serve et donne des consignes pour le scrutin du 26 octobre 2025. Pour qui doivent voter les ivoiriens aprÃ¨s lâ€™Ã©limination des grands candidats ?
Il Ã©voque son avenir avec les ivoiriens.

DÃ©couvrez ce moment de vÃ©ritÃ© exclusif avec Laurent Koudou Gbagbo, ancien prÃ©sident de la RÃ©publique de CÃ´te dâ€™Ivoire.

La vidÃ©o complÃ¨te ici ğŸ‘‡ğŸ¿ 

https://t.me/REVEIL_CITOYEN_TV/1013","https://t.me/UNION_LIBERTE_AFRICAINE_TV/41192","telegram","telegram","","","","","826","","","","","ğŸŒUNION LIBERTÃ‰ AFRICAINE âœŠğŸ¿ğŸ’ªğŸ¿ğŸŒâœ¨ï¸ï¸",""
"5332691326687312824","2025-10-22T17:20:22+00:00","ğŸ‡¨ğŸ‡® Ã‰lection en CÃ´te d'Ivoire 

L'actuel prÃ©sident Alassane #Ouattara brigue un quatriÃ¨me mandat pour la prochaine prÃ©sidentielle. Les concurrents d'Ouattara sont Simone #Gbagbo du Mouvement des gÃ©nÃ©rations capables (MGC), Jean-Louis Billon du CongrÃ¨s dÃ©mocratique, le candidat indÃ©pendant Ahoua Don #Mello et Henriette Lagou #Adjoua reprÃ©sentant le Groupe des partenaires politiques pour la paix. 

Plus tÃ´t ce mois-ci, des manifestations contre la candidature d'Ouattara ont Ã©clatÃ© dans le pays, avec plus de 200 manifestants qui auraient Ã©tÃ© arrÃªtÃ©s. La semaine derniÃ¨re, le gouvernement a dÃ©crÃ©tÃ© une interdiction de deux mois des manifestations politiques. Plus de 8,7 millions de citoyens se sont inscrits pour voter Ã  l'Ã©lection prÃ©sidentielle, prÃ©vue le 25 octobre.

RT en franÃ§ais â€¢ Osez questionner !","https://t.me/RTenfrancais/64440","telegram","telegram","","3","","7","1559","","","","","RT en franÃ§ais",""
"6014130734791532906","2025-10-21T16:08:08+00:00","ğŸ”´ğŸ‡¨ğŸ‡®âœŠğŸ¿ ALERTE â€¼ï¸ Ã‡a chauffe ğŸ”¥ğŸ‘‡ğŸ¿

ALLASSANE DRAMANE OUATTARA TRÃˆS DÃ‰Ã‡U ET REMONTÃ‰ CONTRE SES MINISTRES

Selon une source trÃ¨s introduite, le chef de l'Ã‰tat, Alassane Dramane Ouattara, prÃ©sident du RHDP, est trÃ¨s dÃ©Ã§u et remontÃ© contre ses ministres, au point oÃ¹ il aurait menacÃ© plusieurs d'entre eux.

En effet, notre source nous rapporte qu'Alassane Ouattara les accuse de lui avoir menti et de l'avoir obligÃ© Ã  Ãªtre candidat pour un 4e mandat, alors que le peuple ne veut visiblement plus de lui. Il en veut pour preuve les nombreuses manifestations de contestation de sa candidature dans plusieurs rÃ©gions du pays, la faible mobilisation des Ivoiriens lors des meetings en faveur de sa campagne et surtout le grand boycott du retrait des cartes d'Ã©lecteurs. Il accuse ses collaborateurs d'Ãªtre en dÃ©phasage avec les populations ivoiriennes qui boudent les membres du gouvernement et du Rhdp malgrÃ© les nombreux fonds de l'etat allouÃ©s pour corrompre ces populations. Il leur reproche aussi leur incapacitÃ© Ã  contenir les manifestations dans leurs localitÃ©s et Ã  mobiliser les ivoiriens autour de cette Ã©lection. C'est cette dÃ©ception qui l'a conduit Ã  bouder le dÃ©placement qu'il avait prÃ©vu dans ville Man et Ã  changer certains pans de son programme de campagne pour Ã©viter plusieurs mauvaises surprises.

Il faut dire que la situation actuelle prÃ©occupe Ã©normÃ©ment Allassane Dramane Ouattara et ses collaborateurs sont en dÃ©phasage avec les populations ivoiriennes qui boudent les membres du gouvernement et du RHDP, malgrÃ© les nombreux fonds de l'Ã‰tat allouÃ©s pour corrompre ces populations. Ils leur reprochent aussi leur incapacitÃ© Ã  contenir les manifestations dans leurs localitÃ©s et Ã  mobiliser les Ivoiriens autour de cette Ã©lection. C'est cette dÃ©ception qui l'a conduit Ã  bouder le dÃ©placement qu'il avait prÃ©vu dans la ville de Man et Ã  changer certains pans de son programme de campagne pour Ã©viter plusieurs mauvaises surprises.

Il faut dire que la situation actuelle prÃ©occupe Ã©normÃ©ment Alassane Dramane Ouattara et ses collaborateurs du gouvernement et du RHDP, qui commencent Ã  percevoir les failles profondes de leur systÃ¨me. MalgrÃ© les apparences, le cocotier est en train de vaciller sÃ©rieusement. Le peuple devrait se mobiliser davantage et Ã©tendre les manifestations un peu partout ; la victoire n'est pas loin.

https://t.me/Souleymane_Gbagbo_kone/1419","https://t.me/FaireTesRecherches/139626","telegram","telegram","","2","","","122","","","","","S'INFORMER SOIT MÃŠME.","NGUES TAPX FLIESğŸª°ğŸ¾ ğŸ¼ğŸ§¸TABB TowerğŸ°â›ï¸LABRğŸ•ğŸ¦‹#CicadağŸPandaFiT"
"7510051063551008883","2025-10-21T16:07:08+00:00","ğŸ”´ğŸ‡¨ğŸ‡®âœŠğŸ¿ ALERTE â€¼ï¸ Ã‡a chauffe ğŸ”¥ğŸ‘‡ğŸ¿

ALLASSANE DRAMANE OUATTARA TRÃˆS DÃ‰Ã‡U ET REMONTÃ‰ CONTRE SES MINISTRES

Selon une source trÃ¨s introduite, le chef de l'Ã‰tat, Alassane Dramane Ouattara, prÃ©sident du RHDP, est trÃ¨s dÃ©Ã§u et remontÃ© contre ses ministres, au point oÃ¹ il aurait menacÃ© plusieurs d'entre eux.

En effet, notre source nous rapporte qu'Alassane Ouattara les accuse de lui avoir menti et de l'avoir obligÃ© Ã  Ãªtre candidat pour un 4e mandat, alors que le peuple ne veut visiblement plus de lui. Il en veut pour preuve les nombreuses manifestations de contestation de sa candidature dans plusieurs rÃ©gions du pays, la faible mobilisation des Ivoiriens lors des meetings en faveur de sa campagne et surtout le grand boycott du retrait des cartes d'Ã©lecteurs. Il accuse ses collaborateurs d'Ãªtre en dÃ©phasage avec les populations ivoiriennes qui boudent les membres du gouvernement et du Rhdp malgrÃ© les nombreux fonds de l'etat allouÃ©s pour corrompre ces populations. Il leur reproche aussi leur incapacitÃ© Ã  contenir les manifestations dans leurs localitÃ©s et Ã  mobiliser les ivoiriens autour de cette Ã©lection. C'est cette dÃ©ception qui l'a conduit Ã  bouder le dÃ©placement qu'il avait prÃ©vu dans ville Man et Ã  changer certains pans de son programme de campagne pour Ã©viter plusieurs mauvaises surprises.

Il faut dire que la situation actuelle prÃ©occupe Ã©normÃ©ment Allassane Dramane Ouattara et ses collaborateurs sont en dÃ©phasage avec les populations ivoiriennes qui boudent les membres du gouvernement et du RHDP, malgrÃ© les nombreux fonds de l'Ã‰tat allouÃ©s pour corrompre ces populations. Ils leur reprochent aussi leur incapacitÃ© Ã  contenir les manifestations dans leurs localitÃ©s et Ã  mobiliser les Ivoiriens autour de cette Ã©lection. C'est cette dÃ©ception qui l'a conduit Ã  bouder le dÃ©placement qu'il avait prÃ©vu dans la ville de Man et Ã  changer certains pans de son programme de campagne pour Ã©viter plusieurs mauvaises surprises.

Il faut dire que la situation actuelle prÃ©occupe Ã©normÃ©ment Alassane Dramane Ouattara et ses collaborateurs du gouvernement et du RHDP, qui commencent Ã  percevoir les failles profondes de leur systÃ¨me. MalgrÃ© les apparences, le cocotier est en train de vaciller sÃ©rieusement. Le peuple devrait se mobiliser davantage et Ã©tendre les manifestations un peu partout ; la victoire n'est pas loin.

https://t.me/Souleymane_Gbagbo_kone/1419","https://t.me/UNION_LIBERTE_AFRICAINE_TV/41075","telegram","telegram","","","","","759","","","","","ğŸŒUNION LIBERTÃ‰ AFRICAINE âœŠğŸ¿ğŸ’ªğŸ¿ğŸŒâœ¨ï¸ï¸",""
"11061926851986327936","2025-10-13T18:40:50+00:00","ğŸ‡²ğŸ‡±Mali/AES 
MalgrÃ© tous ces problÃ¨mes ils ont le temps d'attaquer la CÃ´te d'Ivoire avec des trolls pour perturber le processus Ã©lectoral.
Dieu ne dort pas.

Source ğŸ“¸ : Serge Daniel","https://t.me/NaimInfo2/2432","telegram","telegram","","5","","","5153","","","","","NaÃ¯m Infos 2",""
"8888541630613696279","2025-10-13T17:34:38+00:00","ğŸ‡¨ğŸ‡® Le prÃ©sident ivoirien Alassane Ouattara, protÃ©gÃ© des Ã©lites franÃ§aises, adopte la stratÃ©gie Ã©lectorale la plus simple : disperser, rÃ©primer, faire taire.

â–ªï¸Ã€ l'approche des controversÃ©es Ã©lections prÃ©sidentielles, qui auront lieu dans moins de deux semaines, la situation en CÃ´te d'Ivoire continue de s'envenimer.

â–ªï¸La Marche pour la dÃ©mocratie, la justice et la paix, prÃ©vue par l'opposition le 11 octobre, a Ã©tÃ© dispersÃ©e par la gendarmerie ivoirienne.

ğŸ”»En rÃ©primant l'opposition, les autoritÃ©s vont dÃ©sormais faire face Ã  des protestations quotidiennes, des campagnes mÃ©diatiques et des grÃ¨ves dans les entreprises.

ğŸ“Œ Le sÃ©isme politique est devenu inÃ©vitable depuis que trois candidats ""gÃªnants"" ont Ã©tÃ© exclus des Ã©lections. Ouattara, apparemment, n'a toujours pas compris qu'il ne faut en aucun cas acculer ses adversaires.
#CÃ´tedIvoire #TechnologieElectorale #fr
@rybarFR","https://t.me/rybarFR/12055","telegram","telegram","","","","","116","","","","","Rybar FR",""
"7059768534779359638","2025-10-10T18:58:13+00:00","ğŸ‡¨ğŸ‡® ğŸ—³ CÃ´te dâ€™Ivoire: ouverture de la campagne prÃ©sidentielle

Ã€ Abidjan, le Premier ministre Robert BeugrÃ© MambÃ© a prÃ©sentÃ© le bilan du chef de lâ€™Ã‰tat Alassane Ouattara et les grandes lignes dâ€™un programme axÃ© sur le dÃ©veloppement et la consolidation des acquis Ã©conomiques.

Des citoyens ont fait part Ã  Sputnik Afrique de leurs attentes pour cette campagne:

ğŸ’¬ ""Nous attendons de notre dirigeant qu'il Å“uvre pour l'emploi. Nous attendons qu'il Å“uvre pour la jeunesse, pour qu'on puisse avoir du travail, pour pouvoir nous insÃ©rer dans le milieu professionnel"", explique Laurenzi Kouakou Cadre jeunesse RHDP Cocody- Riviera.

ğŸ’¬ ""L'Ã©lection, c'est la meilleure solution. Notre souhait est que Ã§a se passe dans la paix, la cohÃ©sion, la fraternitÃ©"", ajoute Diarrassouba LacinÃ©, membre du parti RHDP.

ğŸ’¬ ""Pour nous, ces Ã©lections sont un acte de libertÃ©, de stabilitÃ©. Ce que la jeunesse ivoirienne, la jeunesse africaine, attend de ses dirigeants, c'est l'insertion sociale et professionnelle des jeunes. Ils ont besoin de travail, d'avoir un statut social"", explique encore Agbo StÃ©phan, prÃ©sident de Jeunesse Atchan RHDP Cocody.

ğŸ’¬ ""Je suis commerÃ§ante. Je veux la paix, pour que mon commerce puisse marcher. J'ai des enfants Ã  Ã©lever"", dÃ©clare Huguette Koutouan, vendeuse d'attiekÃ©.

Abonnez-vous @sputnik_afrique

ğŸ”¸ Sputnik Afrique | X ğŸ”¸","https://t.me/sputnik_afrique/61846","telegram","telegram","","3","","3","1376","","","","","Sputnik Afrique Officiel",""
"5332691326687311987","2025-10-10T15:00:17+00:00","CÃ´te dâ€™Ivoire : la campagne pour la prÃ©sidentielle 2025 dÃ©marre officiellement

Le compte Ã  rebours pour lâ€™Ã©lection prÃ©sidentielle ivoirienne sâ€™enclenche dÃ¨s ce 10 octobre Ã  minuit, dans un contexte dâ€™invalidation des candidatures de plusieurs figures de lâ€™opposition et dâ€™une campagne de lâ€™actuel prÃ©sident Alassane Ouattara.
En savoir plus sur RT en franÃ§ais","https://t.me/RTenfrancais/63603","telegram","telegram","","1","","1","857","","","","","RT en franÃ§ais",""
"7510051063551008125","2025-10-10T14:36:32+00:00","CÃ´te dâ€™Ivoire : La campagne pour la PrÃ©sidentielle 2025 sâ€™ouvre officiellement aujourdâ€™hui
10 octobre 2025 par KouamÃ© L.-PH. Arnaud
En CÃ´te dâ€™Ivoire, aprÃ¨s la proclamation des candidats Ã  la PrÃ©sidentielle du 25 Octobre prochain par le Conseil constitutionnel le 08 septembre 2025, lâ€™heure est Ã  la campagne Ã©lectorale. Le prÃ©sident de la Commission Ã‰lectorale IndÃ©pendante (CEI), Ibrahime Kuibiert Coulibaly, a annoncÃ© lâ€™ouverture officielle, dÃ¨s ce vendredi 10 octobre 2025, de cette Ã©tape importante devant dÃ©boucher sur la dÃ©signation par voix de vote de celui ou celle qui prÃ©sidera pendant cinq annÃ©es Ã  la destinÃ©e des Ivoiriens.
Les cinq (5) candidats Ã  la prÃ©sidentielle ivoirienne, en lâ€™occurrence, le Chef de lâ€™Etat sortant Alassane Ouattara, Jean-Louis Billon, Simone Ehivet (Gbagbo), Henriette Lagou et Ahoua Don Mello ont deux semaines pour sÃ©duire les Ã©lecteurs ivoiriens.
Chacun allant de sa stratÃ©gie de conquÃªte, le prÃ©sident sortant, Alassane Ouattara, candidat du Rassemblement des HouphouÃ«tistes pour la DÃ©mocratie et la Paix (RHDP), a choisi la ville de Daloa, dans le Centre-Ouest du pays, pour le lancement officiel de sa campagne. Cet Ã©vÃ¨nement est prÃ©vu pour le samedi 11 octobre Ã  la mi-journÃ©e.
A 80 kilomÃ¨tres de Daloa, Câ€™est-Ã -dire Ã  BouaflÃ©, lâ€™ex-premiÃ¨re dame, Simone Ehivet (Gbagbo) et prÃ©sidente du Mouvement des GÃ©nÃ©rations Capables (MGC), se livrera, le mÃªme jour, au mÃªme exercice, et donnera Ã©galement le coup dâ€™envoi de sa campagne.
Pour Henriette Lagou, candidate du Groupement des Partenaires Politiques pour la Paix (GP-Paix), la bÃ©nÃ©diction des siens est primordiale. Elle ouvrira sa campagne le lundi 13 octobre Ã  Daoukro, dans le centre du pays.
Ahoua Don Mello, transfuge du Parti des Peuples Africains â€“ CÃ´te dâ€™Ivoire de Laurent Gbagbo, PPA-CI, quant Ã  lui, a optÃ© pour la commune de Cocody, Ã  Abidjan, la capitale Ã©conomique ivoirienne, ce vendredi 10 octobre Ã  11h GMT aprÃ¨s quâ€™il lui ait Ã©tÃ© Â« refusÃ© le palais des sports de Treichville Â» comme sâ€™en plaignait son Ã©quipe de campagne.
Enfin, le candidat Jean-Louis Billon, grand opposant de Tidjane Thiam au Parti DÃ©mocratique de CÃ´te dâ€™Ivoire, PDCI, dÃ©sormais Ã  la tÃªte du CongrÃ¨s DÃ©mocratique (CODE), lancera sa campagne dans la commune de Marcory dans le district dâ€™Abidjan ce vendredi 10 octobre.
La pÃ©riode de campagne Ã©lectorale se tiendra du 10 au 23 octobre Ã  minuit, soit deux (2) semaines avant lâ€™Ã©chÃ©ance du vote le 25 octobre 2025 par les 8 727 431 Ã©lecteurs, vivant en CÃ´te dâ€™Ivoire et Ã  lâ€™Ã©tranger.
KouamÃ© L.-Ph. Arnaud KOUAKOU
Correspondant de Burkina 24 en CÃ´te dâ€™Ivoire","https://t.me/UNION_LIBERTE_AFRICAINE_TV/40317","telegram","telegram","","1","","","406","","","","","ğŸŒUNION LIBERTÃ‰ AFRICAINE âœŠğŸ¿ğŸ’ªğŸ¿ğŸŒâœ¨ï¸ï¸","Badoun L."
